"키","명칭","행정시","행정구","행정동"
"BE_IW16-0908","Choegojip Restaurant","Seoul","Seocho-gu","Seocho3-dong"
"BE_IW16-0909","Choegojip Hand-rolled Noodle","Seoul","Eunpyeong-gu","Yeokchon-dong"
"BE_IW16-0910","Chupungnyeong Gamjatang","Seoul","Gangdong-gu","Seongnae2-dong"
"BE_IW16-0911","Chupungnyeong Gamjatang","Seoul","Jongno-gu","Jongno1.2.3.4ga-dong"
"BE_IW16-0912","Chunjane Daegutang","Seoul","Mapo-gu","Seogyo-dong"
"BE_IW16-0913","Chuchunok","Seoul","Geumcheon-gu","Gasan-dong"
"BE_IW16-0914","Chuncheon Wang Spicy Grilled Chicken","Seoul","Dongdaemun-gu","Hoegi-dong"
"BE_IW16-0915","Chuncheonjip","Seoul","Jongno-gu","Pyeongchang-dong"
"BE_IW16-0916","Chuncheonjip","Seoul","Yangcheon-gu","Mok1-dong"
"BE_IW16-0917","Chunhachudong","Seoul","Yongsan-gu","Hyochang-dong"
"BE_IW16-0918","Chunhachudong","Seoul","Eunpyeong-gu","Jingwan-dong"
"BE_IW16-0919","Chunhachudong","Seoul","Seocho-gu","Seocho2-dong"
"BE_IW16-0920","Chunhyanggol Namwon Loach Soup","Seoul","Songpa-gu","Garakbon-dong"
"BE_IW16-0921","Chungmuro Jjukkumi Bulgogi","Seoul","Jung-gu","Pil-dong"
"BE_IW16-0922","Kogii Kogii","Seoul","Gangnam-gu","Apgujeong-dong"
"BE_IW16-0923","Cobaco","Seoul","Gangnam-gu","Daechi2-dong"
"BE_IW16-0924","Bean Sprout and Rice Soup","Seoul","Gangnam-gu","Gaepo4-dong"
"BE_IW16-0925","Kong Sarang","Seoul","Jongno-gu","Gahoe-dong"
"BE_IW16-0926","Koo Dining","Seoul","Gangnam-gu","Cheongdam-dong"
"BE_IW16-0927","Keunbawi","Seoul","Eunpyeong-gu","Daejo-dong"
"BE_IW16-0928","Keunjip","Seoul","Gangnam-gu","Daechi2-dong"
"BE_IW16-0929","Taeneung Charcoal Grilled Galbi Restaurant","Seoul","Seongdong-gu","Yongdap-dong"
"BE_IW16-0930","Taean Fresh Fish Market","Seoul","Eunpyeong-gu","Bulgwang2-dong"
"BE_IW16-0931","Taepyeong-yang Fresh Fish Market","Seoul","Songpa-gu","Jangji-dong"
"BE_IW16-0932","Supermarket","Seoul","Gangbuk-gu","Beon1-dong"
"BE_IW16-0933","Todam","Seoul","Jung-gu","Gwanghui-dong"
"BE_IW16-0934","Todam","Seoul","Mapo-gu","Daheung-dong"
"BE_IW16-0935","Todam","Seoul","Gangbuk-gu","Songjung-dong"
"BE_IW16-0936","Todam","Seoul","Gwanak-gu","Daehak-dong"
"BE_IW16-0937","Todam","Seoul","Gwanak-gu","Daehak-dong"
"BE_IW16-0938","Todamgol","Seoul","Yangcheon-gu","Sinjeong1-dong"
"BE_IW16-0939","Todamgol","Seoul","Geumcheon-gu","Siheung1-dong"
"BE_IW16-0940","Tobang","Seoul","Eunpyeong-gu","Eungam1-dong"
"BE_IW16-0941","Tobang","Seoul","Gangbuk-gu","Insu-dong"
"BE_IW16-0942","Tobang","Seoul","Songpa-gu","Pungnap2-dong"
"BE_IW16-0943","Tosokcjeong","Seoul","Eunpyeong-gu","Jingwan-dong"
"BE_IW16-0944","Tosokchon","Seoul","Seodaemun-gu","Yeonhui-dong"
"BE_IW16-0945","Tojong Noodle & Blood Sausage Stew","Seoul","Eunpyeong-gu","Eungam1-dong"
"BE_IW16-0946","Tongnamujip","Seoul","Eunpyeong-gu","Bulgwang1-dong"
"BE_IW16-0947","Tongnamujip","Seoul","Seocho-gu","Naegok-dong"
"BE_IW16-0948","Tongnamujip","Seoul","Dobong-gu","Ssangmun3-dong"
"BE_IW16-0949","Tongnamujip","Seoul","Yangcheon-gu","Mok2-dong"
"BE_IW16-0950","Tong-yeong Rice with Oysters","Seoul","Jungnang-gu","Junghwa2-dong"
"BE_IW16-0951","Tong-yeong Rice with Oysters","Seoul","Songpa-gu","Songpa1-dong"
"BE_IW16-0952","Tong-yeong Rice with Oysters","Seoul","Gangnam-gu","Yeoksam1-dong"
"BE_IW16-0953","Toit-maru Bapsang","Seoul","Songpa-gu","Munjeong1-dong"
"BE_IW16-0954","Paldo","Seoul","Nowon-gu","Gongneung1-dong"
"BE_IW16-0955","Pyeongyang Myeonok","Seoul","Seongbuk-gu","Seokgwan-dong"
"BE_IW16-0956","Pyeongchang Galbi","Seoul","Gangnam-gu","Suseo-dong"
"BE_IW16-0957","Podo Sikdang","Seoul","Gangnam-gu","Sinsa-dong"
"BE_IW16-0958","Podocheong Restaurant","Seoul","Songpa-gu","Jangji-dong"
"BE_IW16-0959","Pureunbada","Seoul","Yongsan-gu","Hannam-dong"
"BE_IW16-0960","Pujuok","Seoul","Yangcheon-gu","Sinjeong3-dong"
"BE_IW16-0961","Pujuok","Seoul","Yeongdeungpo-gu","Daerim3-dong"
"BE_IW16-0962","Pujimhanjip","Seoul","Geumcheon-gu","Doksan1-dong"
"BE_IW16-0963","Pulhyanggi","Seoul","Yongsan-gu","Hannam-dong"
"BE_IW16-0964","Punggyeong","Seoul","Gangbuk-gu","Ui-dong"
"BE_IW16-0965","Pungnyeon Galbi Restaurant","Seoul","Songpa-gu","Garak1-dong"
"BE_IW16-0966","Pungnyun Myeongjeol","Seoul","Eunpyeong-gu","Eungam3-dong"
"BE_IW16-0967","Pungcheon Fresh Water Eel Restaurant","Seoul","Gangnam-gu","Gaepo4-dong"
"BE_IW16-0968","Pungcheon Eel Restaurant","Seoul","Gangdong-gu","Godeok1-dong"
"BE_IW16-0969","Pungcheon Eel Restaurant","Seoul","Nowon-gu","Sanggye3.4-dong"
"BE_IW16-0970","Pungcheon Eel Restaurant","Seoul","Yongsan-gu","Yongmun-dong"
"BE_IW16-0971","Pungcheon Eel Restaurant","Seoul","Jongno-gu","Jongno1.2.3.4ga-dong"
"BE_IW16-0972","Pungcheon Eel Restaurant","Seoul","Gangnam-gu","Nonhyeon1-dong"
"BE_IW16-0973","Pro Ganjang Gejang (Pro Soy Crab)","Seoul","Seocho-gu","Jamwon-dong"
"BE_IW16-0974","Pro Ganjang Gejang (Pro Soy Crab) Samsung Coex Shop","Seoul","Gangnam-gu","Samseong1-dong"
"BE_IW16-0975","Piyang Halmeoni","Seoul","Gangnam-gu","Yeoksam1-dong"
"BE_IW16-0976","Pilgyeongjae","Seoul","Gangnam-gu","Suseo-dong"
"BE_IW16-0977","Hanuso","Seoul","Dobong-gu","Chang5-dong"
"BE_IW16-0978","Haneuldam","Seoul","Songpa-gu","Samjeon-dong"
"BE_IW16-0979","Hadonggwan","Seoul","Jung-gu","Myeong-dong"
"BE_IW16-0980","Haru","Seoul","Songpa-gu","Seokchon-dong"
"BE_IW16-0981","Harbang Ttongdoeji","Seoul","Nowon-gu","Sanggye3.4-dong"
"BE_IW16-0982","Hayanjip","Seoul","Seocho-gu","Yangjae2-dong"
"BE_IW16-0983","Himart Gildong Shop","Seoul","Gangdong-gu","Gil-dong"
"BE_IW16-0984","Hangang Garden (Restaurant)","Seoul","Yongsan-gu","Seobinggo-dong"
"BE_IW16-0985","Hankukkwan","Seoul","Mapo-gu","Seogyo-dong"
"BE_IW16-0986","Hankukkwan","Seoul","Yongsan-gu","Namyeong-dong"
"BE_IW16-0987","Hankukkwan","Seoul","Gangseo-gu","Yeomchang-dong"
"BE_IW16-0988","Hankukkwan","Seoul","Gangnam-gu","Dogok1-dong"
"BE_IW16-0989","Hanguk Hoegwan","Seoul","Jung-gu","Myeong-dong"
"BE_IW16-0990","Hanmaru","Seoul","Gwanak-gu","Miseong-dong"
"BE_IW16-0991","Hanmaru","Seoul","Seocho-gu","Bangbae4-dong"
"BE_IW16-0992","Hanmijang","Seoul","Gangbuk-gu","Ui-dong"
"BE_IW16-0993","Hansarang","Seoul","Songpa-gu","Bangi1-dong"
"BE_IW16-0994","Hansang","Seoul","Eunpyeong-gu","Galhyeon2-dong"
"BE_IW16-0995","Hanseo","Seoul","Seodaemun-gu","Bugahyeon-dong"
"BE_IW16-0996","Chinese Restaurant","Seoul","Mapo-gu","Yeonnam-dong"
"BE_IW16-0997","Chinese Restaurant","Seoul","Jongno-gu","Jongno1.2.3.4ga-dong"
"BE_IW16-0998","Hansoban","Seoul","Seocho-gu","Naegok-dong"
"BE_IW16-0999","Hansot Jung","Seoul","Seodaemun-gu","Namgajwa2-dong"
"BE_IW16-1000","Hansot Box Lunch","Seoul","Gwanak-gu","Daehak-dong"
"BE_IW16-1001","Hansot Box Lunch","Seoul","Gwangjin-gu","Hwayang-dong"
"BE_IW16-1002","Hansot Box Lunch","Seoul","Nowon-gu","Junggye1-dong"
"BE_IW16-1003","Hanyang Garden","Seoul","Gangbuk-gu","Beon1-dong"
"BE_IW16-1004","Hanok","Seoul","Jongno-gu","Muak-dong"
"BE_IW16-1005","Hanok Restaurant","Seoul","Seongbuk-gu","Jeongneung3-dong"
"BE_IW16-1006","Hanwoori","Seoul","Gangnam-gu","Gaepo2-dong"
"BE_IW16-1007","Hanu Ma-eul","Seoul","Gangbuk-gu","Ui-dong"
"BE_IW16-1008","Hanu Ma-eul","Seoul","Jung-gu","Hwanghak-dong"
"BE_IW16-1009","Hanuman","Seoul","Seocho-gu","Seocho3-dong"
"BE_IW16-1010","Hanuchon(Korean Beef)","Seoul","Jung-gu","Euljiro-dong"
"BE_IW16-1011","Hanuchon(Korean Beef)","Seoul","Mapo-gu","Sangam-dong"
"BE_IW16-1012","Hanu Hanmari","Seoul","Gangseo-gu","Hwagok1-dong"
"BE_IW16-1013","Hanu Hyanggi","Seoul","Jongno-gu","Pyeongchang-dong"
"BE_IW16-1014","Hanul Apt.","Seoul","Seocho-gu","Bangbae3-dong"
"BE_IW16-1015","Hanilgwan","Seoul","Gangnam-gu","Apgujeong-dong"
"BE_IW16-1016","Hanil Restaurant","Seoul","Dobong-gu","Ssangmun3-dong"
"BE_IW16-1017","Haniljang","Seoul","Jongno-gu","Jongno1.2.3.4ga-dong"
"BE_IW16-1018","Hanchon Ox Bone Soup","Seoul","Gangdong-gu","Seongnae3-dong"
"BE_IW16-1019","Hantangang River","Seoul","Gangseo-gu","Hwagok1-dong"
"BE_IW16-1020","Halmae Shellfishsoup","Seoul","Gangnam-gu","Daechi2-dong"
"BE_IW16-0033","Ganga","Seoul","Jung-gu","Myeong-dong"
"BE_IW16-0689","Townhouse","Seoul","Jongno-gu","Gahoe-dong"
"BE_IW16-0690","Ujeong Restaurant","Seoul","Seocho-gu","Seocho3-dong"
"BE_IW16-0691","Ujeong Restaurant","Seoul","Gwanak-gu","Jungang-dong"
"BE_IW16-0692","Ujeong Restaurant","Seoul","Yongsan-gu","Hannam-dong"
"BE_IW16-0693","Uchon","Seoul","Seodaemun-gu","Sinchon-dong"
"BE_IW16-0694","Wooldolmok","Seoul","Seocho-gu","Seocho3-dong"
"BE_IW16-0695","Wongang","Seoul","Gangnam-gu","Nonhyeon1-dong"
"BE_IW16-0696","Won-gwang","Seoul","Songpa-gu","Samjeon-dong"
"BE_IW16-0697","Wondumak","Seoul","Yangcheon-gu","Sinjeong2-dong"
"BE_IW16-0698","Wonjo rice wrapped in greens","Seoul","Gangnam-gu","Nonhyeon1-dong"
"BE_IW16-0699","Wonju loach soup","Seoul","Gangdong-gu","Cheonho2-dong"
"BE_IW16-0700","Wonhalmeoni Bonga","Seoul","Jung-gu","Hwanghak-dong"
"BE_IW16-0701","Wolhyang","Seoul","Yongsan-gu","Hannam-dong"
"BE_IW16-0702","UiDaeHanBabSang YeongGwang Gangnam Station","Seoul","Seocho-gu","Seocho4-dong"
"BE_IW16-0703","Yuda","Seoul","Seocho-gu","Banpo4-dong"
"BE_IW16-0704","Yurim","Seoul","Jongno-gu","Sajik-dong"
"BE_IW16-0705","Yujeong","Seoul","Seongbuk-gu","Jongam-dong"
"BE_IW16-0706","Yujeong","Seoul","Yeongdeungpo-gu","Yeongdeungpo-dong"
"BE_IW16-0707","Yujeong Restaurant","Seoul","Geumcheon-gu","Siheung1-dong"
"BE_IW16-0708","Yujeong Restaurant","Seoul","Seongbuk-gu","Jongam-dong"
"BE_IW16-0709","Yujin Apt.","Seoul","Jongno-gu","Jongno1.2.3.4ga-dong"
"BE_IW16-0710","Yujin Fresh Fish Market","Seoul","Gwangjin-gu","Junggok1-dong"
"BE_IW16-0711","619Rib","Seoul","Seodaemun-gu","Sinchon-dong"
"BE_IW16-0712","Yuk Chil Pal","Seoul","Mapo-gu","Seogyo-dong"
"BE_IW16-0713","EunsungHoeGwan(Garden)","Seoul","Gwanak-gu","Sillim-dong"
"BE_IW16-0714","Eunhaengnamu","Seoul","Mapo-gu","Seogyo-dong"
"BE_IW16-0715","Eunhaengnamu","Seoul","Yeongdeungpo-gu","Yangpyeong1-dong"
"BE_IW16-0716","Eunhaengnamujip","Seoul","Seocho-gu","Naegok-dong"
"BE_IW16-0717","Eunhaengnamujip","Seoul","Jungnang-gu","Sinnae1-dong"
"BE_IW16-0718","Eunhaengnamujip","Seoul","Jongno-gu","Jongno1.2.3.4ga-dong"
"BE_IW16-0719","Euljiro Golbaengi","Seoul","Songpa-gu","Jangji-dong"
"BE_IW16-0720","Uijeongbu Budaejjigae","Seoul","Gwanak-gu","Daehak-dong"
"BE_IW16-0721","Uijeongbu Budaejjigae","Seoul","Seocho-gu","Yangjae2-dong"
"BE_IW16-0722","Uijeongbu Budaejjigae","Seoul","Seocho-gu","Bangbaebon-dong"
"BE_IW16-0723","Igane","Seoul","Gangbuk-gu","Beon1-dong"
"BE_IW16-0724","Igane","Seoul","Dongjak-gu","Sadang1-dong"
"BE_IW16-0725","Iga Myeonok","Seoul","Jongno-gu","Sajik-dong"
"BE_IW16-0726","Inamjang(Samseongdong branch)","Seoul","Gangnam-gu","Samseong1-dong"
"BE_IW16-0727","Irang","Seoul","Gangseo-gu","Hwagok6-dong"
"BE_IW16-0728","Yisang Galbi (Nowon Branch)","Seoul","Nowon-gu","Sanggye2-dong"
"BE_IW16-0729","Yisang Nurungji Baeksuk Jeongneung Head Shop","Seoul","Seongbuk-gu","Jeongneung3-dong"
"BE_IW16-0730","East Village","Seoul","Gangnam-gu","Apgujeong-dong"
"BE_IW16-0731","Ijo Galbi Restaurant","Seoul","Eunpyeong-gu","Eungam3-dong"
"BE_IW16-0732","Icheon","Seoul","Seongdong-gu","Haengdang1-dong"
"BE_IW16-0733","InsadongGeuJib","Seoul","Jongno-gu","Jongno1.2.3.4ga-dong"
"BE_IW16-0734","Insubong Peak","Seoul","Gangbuk-gu","Ui-dong"
"BE_IW16-0735","Ilmi","Seoul","Dongdaemun-gu","Hoegi-dong"
"BE_IW16-0736","Ilmi Restaurant","Seoul","Gangnam-gu","Segok-dong"
"BE_IW16-0737","Ilmi Restaurant","Seoul","Seodaemun-gu","Chunghyeon-dong"
"BE_IW16-0738","Ilchul Drivers Restaurant","Seoul","Yangcheon-gu","Sinwol7-dong"
"BE_IW16-0739","Imjingang River","Seoul","Gwangjin-gu","Junggok2-dong"
"BE_IW16-0740","Jame Restaurant","Seoul","Seongdong-gu","Yongdap-dong"
"BE_IW16-0741","Jame Restaurant","Seoul","Gangbuk-gu","Songjung-dong"
"BE_IW16-0742","Jasaneobo","Seoul","Seocho-gu","Seocho2-dong"
"BE_IW16-0743","Jayu Restaurant","Seoul","Mapo-gu","Mangwon2-dong"
"BE_IW16-0744","Banquet Noodles ","Seoul","Gwanak-gu","Nangok-dong"
"BE_IW16-0745","Janchijip","Seoul","Yeongdeungpo-gu","Yeongdeungpo-dong"
"BE_IW16-0746","Jamsil Madang","Seoul","Songpa-gu","Jamsilbon-dong"
"BE_IW16-0747","Janggane Gopchanggui","Seoul","Mapo-gu","Yonggang-dong"
"BE_IW16-0748","Janggang","Seoul","Mapo-gu","Yonggang-dong"
"BE_IW16-0749","Janggun Galbi","Seoul","Gwangjin-gu","Junggok2-dong"
"BE_IW16-0750","Janggunjip","Seoul","Gwanak-gu","Jungang-dong"
"BE_IW16-0751","Jangdokdae","Seoul","Jongno-gu","Pyeongchang-dong"
"BE_IW16-0752","Jangmi Apt.","Seoul","Jongno-gu","Jongno5.6ga-dong"
"BE_IW16-0753","Jangsarang","Seoul","Gangnam-gu","Apgujeong-dong"
"BE_IW16-0754","Jangsu Galbi","Seoul","Gangbuk-gu","Suyu1-dong"
"BE_IW16-0755","Jangsu Galbi","Seoul","Jung-gu","Sogong-dong"
"BE_IW16-0756","Jangsu Galbi","Seoul","Gwangjin-gu","Gunja-dong"
"BE_IW16-0757","Jangsu Dog Meat Soup","Seoul","Gangbuk-gu","Insu-dong"
"BE_IW16-0758","Jangsu Sikdang","Seoul","Seocho-gu","Seocho2-dong"
"BE_IW16-0759","Jangsu Sikdang","Seoul","Jungnang-gu","Myeonmokbon-dong"
"BE_IW16-0760","Jangsuwon","Seoul","Seocho-gu","Bangbaebon-dong"
"BE_IW16-0761","Jangsuwon","Seoul","Gangseo-gu","Hwagok6-dong"
"BE_IW16-0762","Jangsujip","Seoul","Eunpyeong-gu","Eungam3-dong"
"BE_IW16-0763","Jangsuchon","Seoul","Seodaemun-gu","Hongeun2-dong"
"BE_IW16-0764","Town Hall","Seoul","Mapo-gu","Seongsan2-dong"
"BE_IW16-0765","Jangan Hand-Rolled Noodles","Seoul","Gangbuk-gu","Suyu2-dong"
"BE_IW16-0766","Jangeochon","Seoul","Gangnam-gu","Yeoksam1-dong"
"BE_IW16-0767","Jangeochon","Seoul","Songpa-gu","Bangi1-dong"
"BE_IW16-0768","Jangwon","Seoul","Gangdong-gu","Cheonho1-dong"
"BE_IW16-0769","Jang-uidong Yuseongjip","Seoul","Jungnang-gu","Junghwa1-dong"
"BE_IW16-0770","Jang-uidong Yuseongjip","Seoul","Gangdong-gu","Gil-dong"
"BE_IW16-0771","Jangchung-dong Steamed Pig Feet","Seoul","Gwanak-gu","Sinsa-dong"
"BE_IW16-0772","Jangchung Steamed Pig Feet","Seoul","Jungnang-gu","Sangbong2-dong"
"BE_IW16-0773","Jaembaeok","Seoul","Jung-gu","Sogong-dong"
"BE_IW16-0774","Jeonwon","Seoul","Gangnam-gu","Yeoksam2-dong"
"BE_IW16-0775","Jeonwon","Seoul","Jung-gu","Jangchung-dong"
"BE_IW16-0776","Jeonwon Garden (Restaurant)","Seoul","Seocho-gu","Naegok-dong"
"BE_IW16-0777","Jeonwon Sambab","Seoul","Eunpyeong-gu","Bulgwang1-dong"
"BE_IW16-0778","Jeonwon ilgi","Seoul","Gangseo-gu","Balsan1-dong"
"BE_IW16-0779","JeonjuBabSang","Seoul","Eunpyeong-gu","Eungam1-dong"
"BE_IW16-0780","JeonjuBabSang","Seoul","Gwangjin-gu","Hwayang-dong"
"BE_IW16-0781","Jeongju Restaurant","Seoul","Gangnam-gu","Nonhyeon2-dong"
"BE_IW16-0782","Jeongju Restaurant","Seoul","Jongno-gu","Changsin2-dong"
"BE_IW16-0783","Jeongju Restaurant","Seoul","Dongjak-gu","Sangdo3-dong"
"BE_IW16-0784","Jeongju Restaurant","Seoul","Mapo-gu","Daheung-dong"
"BE_IW16-0785","Jeongju Restaurant","Seoul","Yeongdeungpo-gu","Singil4-dong"
"BE_IW16-0786","Jeongju Restaurant","Seoul","Yongsan-gu","Cheongpa-dong"
"BE_IW16-0787","Jeongju Restaurant","Seoul","Songpa-gu","Seokchon-dong"
"BE_IW16-0788","Jeongju Restaurant","Seoul","Seongdong-gu","Seongsu2ga1-dong"
"BE_IW16-0789","Jeongju Restaurant","Seoul","Yeongdeungpo-gu","Mullae-dong"
"BE_IW16-0790","Jeongju Restaurant","Seoul","Gangseo-gu","Hwagok4-dong"
"BE_IW16-0791","Jeongju Restaurant","Seoul","Eunpyeong-gu","Jingwan-dong"
"BE_IW16-0792","Jeongju Restaurant","Seoul","Gwanak-gu","Jowon-dong"
"BE_IW16-0793","Jeongju Restaurant","Seoul","Jung-gu","Sindang5-dong"
"BE_IW16-0794","Jeongju Restaurant","Seoul","Gangbuk-gu","Insu-dong"
"BE_IW16-0795","Jeongju Restaurant","Seoul","Jongno-gu","Cheongunhyoja-dong"
"BE_IW16-0796","Jeongju Restaurant","Seoul","Seongdong-gu","Seongsu2ga1-dong"
"BE_IW16-0797","Jeongju Restaurant","Seoul","Seongbuk-gu","Gireum2-dong"
"BE_IW16-0798","Jeonju Dog Meat Stew","Seoul","Gangbuk-gu","Samyang-dong"
"BE_IW16-0799","Jeonju-style Bean Sprout and Rice Soup","Seoul","Songpa-gu","Jamsilbon-dong"
"BE_IW16-0034","Ganggangsullae","Seoul","Geumcheon-gu","Siheung1-dong"
"BE_IW16-0035","Ganggangsullae SanggyeJeom","Seoul","Nowon-gu","Sanggye1-dong"
"BE_IW16-0036","Ganggangsullae SinrimJeom","Seoul","Gwanak-gu","Seowon-dong"
"BE_IW16-0037","Ganggangsullae YeouidoJeom","Seoul","Yeongdeungpo-gu","Yeoui-dong"
"BE_IW16-0038","Ganggu Port","Seoul","Gangnam-gu","Nonhyeon2-dong"
"BE_IW16-0039","Gangnam Myeonok","Seoul","Gangnam-gu","Apgujeong-dong"
"BE_IW16-0040","Gangneung Yennaljip","Seoul","Gangnam-gu","Nonhyeon2-dong"
"BE_IW16-0041","Gangneungjip","Seoul","Gangnam-gu","Yeoksam1-dong"
"BE_IW16-0042","Gangneungjip","Seoul","Gangdong-gu","Dunchon2-dong"
"BE_IW16-0043","Gangmaru","Seoul","Gwangjin-gu","Guui2-dong"
"BE_IW16-0044","Gangseomyeonok","Seoul","Jung-gu","Sogong-dong"
"BE_IW16-0045","Gangwonjeong","Seoul","Yongsan-gu","Wonhyoro1-dong"
"BE_IW16-0046","Gangchon Sambab","Seoul","Seongbuk-gu","Wolgok2-dong"
"BE_IW16-0047","Gaeseong Cold Buckwheat Noodles","Seoul","Seongbuk-gu","Jeongneung2-dong"
"BE_IW16-0048","Gaeseong Cold Buckwheat Noodles","Seoul","Guro-gu","Guro2-dong"
"BE_IW16-0049","Gaeseong Cold Buckwheat Noodles","Seoul","Gangseo-gu","Yeomchang-dong"
"BE_IW16-0050","Gaeseong Cold Buckwheat Noodles","Seoul","Yeongdeungpo-gu","Singil6-dong"
"BE_IW16-0051","Gaeseongjip","Seoul","Songpa-gu","Bangi2-dong"
"BE_IW16-0052","Gaeseongjip","Seoul","Gangnam-gu","Nonhyeon1-dong"
"BE_IW16-0053","Gae-ulmok","Seoul","Gangbuk-gu","Ui-dong"
"BE_IW16-0054","Gaehwaok","Seoul","Gangnam-gu","Apgujeong-dong"
"BE_IW16-0055","Gaenmaeul","Seoul","Gwangjin-gu","Guui3-dong"
"BE_IW16-0056","Gaenmaeul","Seoul","Yeongdeungpo-gu","Dangsan1-dong"
"BE_IW16-0057","Gaenmaeul","Seoul","Yongsan-gu","Hangangno-dong"
"BE_IW16-0058","Gaetbeol Baby Octopus Restaurant","Seoul","Songpa-gu","Garakbon-dong"
"BE_IW16-0059","Gyeongbokgung Palace","Seoul","Jongno-gu","Samcheong-dong"
"BE_IW16-0060","Gyeongbokgung Palace","Seoul","Gangseo-gu","Ujangsan-dong"
"BE_IW16-0061","Gyeongbokgung Palace","Seoul","Jung-gu","Euljiro-dong"
"BE_IW16-0062","Gyegoksanjang","Seoul","Gangbuk-gu","Ui-dong"
"BE_IW16-0063","Gyrim","Seoul","Gwangjin-gu","Gwangjang-dong"
"BE_IW16-0064","Gogenmaru Restaurant","Seoul","Nowon-gu","Sanggye3.4-dong"
"BE_IW16-0065","Gogung Korean Restaurant","Seoul","Jungnang-gu","Myeonmok2-dong"
"BE_IW16-0066","Gogung Korean Restaurant","Seoul","Jung-gu","Myeong-dong"
"BE_IW16-0067","Goginara","Seoul","Dongjak-gu","Sangdo1-dong"
"BE_IW16-0068","Gogi Sarang","Seoul","Gangnam-gu","Cheongdam-dong"
"BE_IW16-0069","Gogi Sarang","Seoul","Gwanak-gu","Euncheon-dong"
"BE_IW16-0070","Gogi Market (Butcher shop)","Seoul","Yangcheon-gu","Sinwol5-dong"
"BE_IW16-0071","Godeok Garden Restaurant","Seoul","Gangdong-gu","Godeok1-dong"
"BE_IW16-0072","Goraebul","Seoul","Gangnam-gu","Yeoksam1-dong"
"BE_IW16-0073","Gourmethome","Seoul","Gangnam-gu","Daechi4-dong"
"BE_IW16-0074","Gomone Restaurant","Seoul","Gangdong-gu","Seongnae3-dong"
"BE_IW16-0075","Goseokjeong Pavilion","Seoul","Gangdong-gu","Seongnae1-dong"
"BE_IW16-0076","Gohyang Sancheon","Seoul","Mapo-gu","Mangwon1-dong"
"BE_IW16-0077","Gohyang Sancheon","Seoul","Jung-gu","Hwanghak-dong"
"BE_IW16-0078","Gohyang Sancheon","Seoul","Dongdaemun-gu","Hwigyeong1-dong"
"BE_IW16-0079","Gohyang Sancheon","Seoul","Gangbuk-gu","Songcheon-dong"
"BE_IW16-0080","Gohyang Ox Bone Soup","Seoul","Seongbuk-gu","Dongseon-dong"
"BE_IW16-0081","Gohyang Restaurant","Seoul","Mapo-gu","Gongdeok-dong"
"BE_IW16-0082","Gohyang Restaurant","Seoul","Eunpyeong-gu","Yeokchon-dong"
"BE_IW16-0083","Gohyang Restaurant","Seoul","Guro-gu","Gaebong1-dong"
"BE_IW16-0084","Gohyang Restaurant","Seoul","Gangnam-gu","Nonhyeon2-dong"
"BE_IW16-0085","Gohyang Rice with Lettuce Wraps","Seoul","Guro-gu","Gaebong1-dong"
"BE_IW16-0086","Gohyangjip","Seoul","Gwangjin-gu","Guui1-dong"
"BE_IW16-0087","Gohyangjip","Seoul","Gangnam-gu","Nonhyeon2-dong"
"BE_IW16-0088","Gohyangjip","Seoul","Seongbuk-gu","Bomun-dong"
"BE_IW16-0089","Gohyangjip","Seoul","Gwanak-gu","Jungang-dong"
"BE_IW16-0090","Gohyangjip","Seoul","Seocho-gu","Seocho1-dong"
"BE_IW16-0091","Goheung restaurant","Seoul","Gangseo-gu","Hwagok1-dong"
"BE_IW16-0092","Golbangjip","Seoul","Gangbuk-gu","Beon1-dong"
"BE_IW16-0093","Gomguksijip","Seoul","Jung-gu","Myeong-dong"
"BE_IW16-0094","Gomguksijip","Seoul","Jung-gu","Myeong-dong"
"BE_IW16-0095","Gommaru","Seoul","Jongno-gu","Gyonam-dong"
"BE_IW16-0096","Gombawi","Seoul","Gangnam-gu","Samseong1-dong"
"BE_IW16-0097","Gomsotjib","Seoul","Jung-gu","Myeong-dong"
"BE_IW16-0098","Gomtangjib","Seoul","Seongbuk-gu","Dongseon-dong"
"BE_IW16-0099","Park Garden (Restaurant)","Seoul","Guro-gu","Guro5-dong"
"BE_IW16-0100","Gongwon Sanjang","Seoul","Gangbuk-gu","Ui-dong"
"BE_IW16-0101","Gongjujip","Seoul","Nowon-gu","Sanggye1-dong"
"BE_IW16-0102","Gwangyangbulgogi","Seoul","Yangcheon-gu","Sinwol4-dong"
"BE_IW16-0103","Gwangyangbulgogi","Seoul","Songpa-gu","Seokchon-dong"
"BE_IW16-0104","Gwangyangbulgogi","Seoul","Seocho-gu","Banpo4-dong"
"BE_IW16-0105","Gwangyangbulgogibonga","Seoul","Gangnam-gu","Daechi2-dong"
"BE_IW16-0106","Gwanghwamun Jip","Seoul","Jongno-gu","Sajik-dong"
"BE_IW16-0107","Guunmong","Seoul","Gangnam-gu","Yeoksam1-dong"
"BE_IW16-0108","Guksujip","Seoul","Geumcheon-gu","Doksan1-dong"
"BE_IW16-0109","Guksijip","Seoul","Seongbuk-gu","Seongbuk-dong"
"BE_IW16-0110","Gukhwa Jeongwon","Seoul","Seongbuk-gu","Seongbuk-dong"
"BE_IW16-0111","Gulsanyang","Seoul","Yeongdeungpo-gu","Yeongdeungpobon-dong"
"BE_IW16-0112","Good Morning Apt.","Seoul","Songpa-gu","Seokchon-dong"
"BE_IW16-0113","Gung","Seoul","Dongdaemun-gu","Imun1-dong"
"BE_IW16-0114","Gungyeon","Seoul","Gangnam-gu","Cheongdam-dong"
"BE_IW16-0115","Gungjung Ori (duck)","Seoul","Songpa-gu","Geoyeo1-dong"
"BE_IW16-0116","Green Apt.","Seoul","Seodaemun-gu","Hongje1-dong"
"BE_IW16-0117","Green House","Seoul","Jongno-gu","Pyeongchang-dong"
"BE_IW16-0118","Geumgangsan","Seoul","Dongdaemun-gu","Imun1-dong"
"BE_IW16-0119","Geumgangsan","Seoul","Gangnam-gu","Nonhyeon2-dong"
"BE_IW16-0120","Geumgangsan","Seoul","Mapo-gu","Ahyeon-dong"
"BE_IW16-0121","Geumgangsan Pork Rib Soup with Potatoes","Seoul","Gangdong-gu","Amsa1-dong"
"BE_IW16-0122","Geumgangsan Pork Rib Soup with Potatoes","Seoul","Yongsan-gu","Cheongpa-dong"
"BE_IW16-0123","Geumgangho Fresh Water Eel Restaurant","Seoul","Yangcheon-gu","Sinwol1-dong"
"BE_IW16-0124","Geummorae","Seoul","Gangnam-gu","Yeoksam1-dong"
"BE_IW16-0125","Geumsu Bokguk","Seoul","Gangnam-gu","Apgujeong-dong"
"BE_IW16-0126","Geumcheon Restaurant","Seoul","Yeongdeungpo-gu","Yangpyeong1-dong"
"BE_IW16-0127","Kiku","Seoul","Yongsan-gu","Namyeong-dong"
"BE_IW16-0128","Giwajip","Seoul","Gangbuk-gu","Ui-dong"
"BE_IW16-0129","Giwajip","Seoul","Jungnang-gu","Myeonmok3.8-dong"
"BE_IW16-0130","Gimbap Sarang","Seoul","Gwanak-gu","Sillim-dong"
"BE_IW16-0131","Kimsambo","Seoul","Jung-gu","Gwanghui-dong"
"BE_IW16-0132","Kkumkku-neundweji","Seoul","Gangseo-gu","Hwagok3-dong"
"BE_IW16-0133","Leisure Pension","Seoul","Gangdong-gu","Cheonho1-dong"
"BE_IW16-0134","Ferry","Seoul","Mapo-gu","Dohwa-dong"
"BE_IW16-0135","Naju Restaurant","Seoul","Jungnang-gu","Muk2-dong"
"BE_IW16-0136","Nagwon ","Seoul","Dongdaemun-gu","Jangan1-dong"
"BE_IW16-0137","Nagwon ","Seoul","Seocho-gu","Seocho2-dong"
"BE_IW16-0138","Nakji Madang Baby Octopus Restaurant","Seoul","Geumcheon-gu","Doksan2-dong"
"BE_IW16-0139","Nakji Madang Baby Octopus Restaurant","Seoul","Seongbuk-gu","Jangwi2-dong"
"BE_IW16-0140","Nakji Ma-eul Baby Octopus Restaurant","Seoul","Gangnam-gu","Irwon1-dong"
"BE_IW16-0141","Nakji Ma-eul Baby Octopus Restaurant","Seoul","Gangdong-gu","Seongnae2-dong"
"BE_IW16-0142","Namdo","Seoul","Gwanak-gu","Jowon-dong"
"BE_IW16-0687","Umigak","Seoul","Gangnam-gu","Dogok1-dong"
"BE_IW16-0688","Umigwan","Seoul","Dobong-gu","Chang1-dong"
"BE_IW16-1021","Hamgyeong Cold Buckwheat Noodles","Seoul","Yongsan-gu","Hangangno-dong"
"BE_IW16-1022","Hamji","Seoul","Gwanak-gu","Seonghyeon-dong"
"BE_IW16-1023","Hamheung-style Cold Buckwheat Noodles","Seoul","Eunpyeong-gu","Yeokchon-dong"
"BE_IW16-1024","Hamheumg Cold Buckwheat Noodles","Seoul","Jungnang-gu","Myeonmok5-dong"
"BE_IW16-1025","Hang-ari","Seoul","Seongbuk-gu","Jeongneung3-dong"
"BE_IW16-1026","Hang-arijip","Seoul","Eunpyeong-gu","Eungam3-dong"
"BE_IW16-1027","Hangari Hand-rolled Noodle Soup","Seoul","Gangbuk-gu","Ui-dong"
"BE_IW16-1028","Haegungmakhoe Restaurant","Seoul","Mapo-gu","Seongsan2-dong"
"BE_IW16-1029","Haetteuneun Jip","Seoul","Jungnang-gu","Sangbong2-dong"
"BE_IW16-1030","Haetteuneun Jip","Seoul","Eunpyeong-gu","Susaek-dong"
"BE_IW16-1031","Haemaru","Seoul","Dongdaemun-gu","Jegi-dong"
"BE_IW16-1032","Haemaru","Seoul","Gangbuk-gu","Ui-dong"
"BE_IW16-1033","Heamul nara","Seoul","Mapo-gu","Yonggang-dong"
"BE_IW16-1034","Heamul maeul","Seoul","Yeongdeungpo-gu","Singil1-dong"
"BE_IW16-1035","Heamul chon","Seoul","Guro-gu","Oryu2-dong"
"BE_IW16-1036","Noodle Soup with Seafood","Seoul","Gangseo-gu","Hwagok1-dong"
"BE_IW16-1037","Haemil","Seoul","Eunpyeong-gu","Eungam1-dong"
"BE_IW16-1038","Haeseong Garden","Seoul","Seocho-gu","Naegok-dong"
"BE_IW16-1039","Haeoreum Apt.","Seoul","Dongjak-gu","Sadang4-dong"
"BE_IW16-1040","Haeoreum Apt.","Seoul","Seodaemun-gu","Namgajwa2-dong"
"BE_IW16-1041","Haewon","Seoul","Nowon-gu","Gongneung1-dong"
"BE_IW16-1042","Haewoltojangjip","Seoul","Gangseo-gu","Deungchon3-dong"
"BE_IW16-1043","Haechorok Sarang","Seoul","Gangnam-gu","Samseong2-dong"
"BE_IW16-1044","Happy Time","Seoul","Gangseo-gu","Hwagok2-dong"
"BE_IW16-1045","Haengbokhan Bapsang","Seoul","Jongno-gu","Hyehwa-dong"
"BE_IW16-1046","Hyangnamujip","Seoul","Mapo-gu","Dohwa-dong"
"BE_IW16-1047","Hyangnamujip","Seoul","Seocho-gu","Seocho3-dong"
"BE_IW16-1048","Hyangchon","Seoul","Seodaemun-gu","Chunghyeon-dong"
"BE_IW16-1049","Hyangchon","Seoul","Gangdong-gu","Godeok1-dong"
"BE_IW16-1050","Hyangchon","Seoul","Seocho-gu","Seocho3-dong"
"BE_IW16-1051","Hyundai Garden Restaurant","Seoul","Jongno-gu","Gahoe-dong"
"BE_IW16-1052","Hyundai Garden Restaurant","Seoul","Guro-gu","Guro1-dong"
"BE_IW16-1053","Hyundai Fresh Fish Market","Seoul","Jung-gu","Jungnim-dong"
"BE_IW16-1054","Hyeongje Apt.","Seoul","Seongdong-gu","Seongsu1ga2-dong"
"BE_IW16-1055","Hyeongje Galbi","Seoul","Gangdong-gu","Cheonho2-dong"
"BE_IW16-1056","Hyeongje Restaurant","Seoul","Dongdaemun-gu","Dapsimni2-dong"
"BE_IW16-1057","Hyeongje Restaurant","Seoul","Gangbuk-gu","Songcheon-dong"
"BE_IW16-1058","Hyeongje Restaurant","Seoul","Jung-gu","Sindang-dong"
"BE_IW16-1059","Hyungche Chueotang","Seoul","Jongno-gu","Pyeongchang-dong"
"BE_IW16-1060","Hyegyo","Seoul","Gangnam-gu","Samseong1-dong"
"BE_IW16-1061","Hyesimjeong","Seoul","Gangbuk-gu","Ui-dong"
"BE_IW16-1062","Hyewon","Seoul","Jongno-gu","Sajik-dong"
"BE_IW16-1063","Honam Restaurant","Seoul","Gangnam-gu","Daechi4-dong"
"BE_IW16-1064","Honam Restaurant","Seoul","Seodaemun-gu","Yeonhui-dong"
"BE_IW16-1065","Honam Restaurant","Seoul","Seongbuk-gu","Wolgok2-dong"
"BE_IW16-1066","Honam Restaurant","Seoul","Songpa-gu","Garak1-dong"
"BE_IW16-1067","Honam Restaurant","Seoul","Gangnam-gu","Nonhyeon2-dong"
"BE_IW16-1068","Honam Restaurant","Seoul","Yeongdeungpo-gu","Yeongdeungpo-dong"
"BE_IW16-1069","Homigot Village","Seoul","Yeongdeungpo-gu","Yeoui-dong"
"BE_IW16-1070","Hoban","Seoul","Jongno-gu","Gahoe-dong"
"BE_IW16-1071","Hongneung Galbijip","Seoul","Dongdaemun-gu","Cheongnyangni-dong"
"BE_IW16-1072","Hwagojip","Seoul","Yangcheon-gu","Mok4-dong"
"BE_IW16-1073","Hwarang (Sweet Rice Liquor)","Seoul","Gangbuk-gu","Songjung-dong"
"BE_IW16-1074","Hwarogui","Seoul","Seongdong-gu","Haengdang1-dong"
"BE_IW16-1075","Hwarogui","Seoul","Geumcheon-gu","Doksan1-dong"
"BE_IW16-1076","Hwarobaekseo","Seoul","Jung-gu","Euljiro-dong"
"BE_IW16-1077","Hwarobaekseo","Seoul","Jung-gu","Gwanghui-dong"
"BE_IW16-1078","Hwaseokjeong Paviion","Seoul","Yangcheon-gu","Sinwol4-dong"
"BE_IW16-1079","Hwaseong","Seoul","Mapo-gu","Gongdeok-dong"
"BE_IW16-1080","Hwaseong Sanjang","Seoul","Gangbuk-gu","Insu-dong"
"BE_IW16-1081","Hwawon","Seoul","Yongsan-gu","Hyochang-dong"
"BE_IW16-1082","Supermarket","Seoul","Eunpyeong-gu","Yeokchon-dong"
"BE_IW16-1083","Hwanggeum Duck Farm","Seoul","Yangcheon-gu","Sinjeong4-dong"
"BE_IW16-1084","Hwanggeum Duck Farm","Seoul","Yeongdeungpo-gu","Daerim3-dong"
"BE_IW16-1085","Chinese Restaurant","Seoul","Gangnam-gu","Yeoksam1-dong"
"BE_IW16-1086","Chinese Restaurant","Seoul","Jongno-gu","Gahoe-dong"
"BE_IW16-1087","HwangBuja","Seoul","Jung-gu","Myeong-dong"
"BE_IW16-1088","Hwangso Gopchang (Beef Tripe)","Seoul","Jungnang-gu","Sinnae1-dong"
"BE_IW16-1089","Hwangso Gopchang (Beef Tripe)","Seoul","Seongdong-gu","Sageun-dong"
"BE_IW16-1090","Hwangso Gopchang (Beef Tripe)","Seoul","Gangbuk-gu","Mia-dong"
"BE_IW16-1091","Hwangso Restaurant","Seoul","Seocho-gu","Yangjae1-dong"
"BE_IW16-1092","Hwangsojip","Seoul","Jongno-gu","Sungin2-dong"
"BE_IW16-1093","Hwangto Ma-eul","Seoul","Dongjak-gu","Heukseok-dong"
"BE_IW16-1094","Hwangtogil","Seoul","Mapo-gu","Ahyeon-dong"
"BE_IW16-1095","Hwanghakjung","Seoul","Jongno-gu","Sajik-dong"
"BE_IW16-1096","Hoeryeong","Seoul","Nowon-gu","Hagye1-dong"
"BE_IW16-1097","Hupohang Harbor","Seoul","Gangnam-gu","Dogok2-dong"
"BE_IW16-1098","Heukdonga","Seoul","Gangnam-gu","Samseong1-dong"
"BE_IW16-1099","Heukdonga","Seoul","Nowon-gu","Gongneung1-dong"
"BE_IW16-1100","Heukseokgol","Seoul","Dongjak-gu","Heukseok-dong"
"BE_IW16-1101","Heungbune","Seoul","Yongsan-gu","Bogwang-dong"
"BE_IW16-1102","Huirak","Seoul","Gangnam-gu","Samseong2-dong"
"BE_IW16-1103","Huirae","Seoul","Seocho-gu","Yangjae2-dong"
"BE_IW16-1104","Hill House","Seoul","Gwanak-gu","Seonghyeon-dong"
"BE_IW16-0001","Daenamujip Restaurant","Seoul","Guro-gu","Sugung-dong"
"BE_IW16-0002","Bibong","Seoul","Mapo-gu","Sangam-dong"
"BE_IW16-0003","Sonamu","Seoul","Gangnam-gu","Cheongdam-dong"
"BE_IW16-0004","Solmoe Maeul","Seoul","Jongno-gu","Ihwa-dong"
"BE_IW16-0005","Songhak","Seoul","Jongno-gu","Jongno1.2.3.4ga-dong"
"BE_IW16-0006","Suyang","Seoul","Seocho-gu","Naegok-dong"
"BE_IW16-0007","Anjip","Seoul","Gwanak-gu","Nakseongdae-dong"
"BE_IW16-0008","Jihwaja","Seoul","Jung-gu","Jangchung-dong"
"BE_IW16-0009","Jinsuseongchan","Seoul","Eunpyeong-gu","Gusan-dong"
"BE_IW16-0010","Pulhyanggi","Seoul","Seodaemun-gu","Yeonhui-dong"
"BE_IW16-0011","Ganaan","Seoul","Jung-gu","Dasan-dong"
"BE_IW16-0012","Garam","Seoul","Seocho-gu","Seocho3-dong"
"BE_IW16-0013","Gamagol Village","Seoul","Gangnam-gu","Yeoksam1-dong"
"BE_IW16-0014","Gamasot Handmade Tofu","Seoul","Gangseo-gu","Deungchon1-dong"
"BE_IW16-0015","Gamasot Handmade Tofu","Seoul","Seocho-gu","Seocho2-dong"
"BE_IW16-0016","Gamasot Handmade Tofu","Seoul","Songpa-gu","Garakbon-dong"
"BE_IW16-0017","Gasiri","Seoul","Seocho-gu","Jamwon-dong"
"BE_IW16-0018","Gasiri","Seoul","Gangnam-gu","Yeoksam1-dong"
"BE_IW16-0019","Gasiri","Seoul","Gangnam-gu","Nonhyeon2-dong"
"BE_IW16-0020","Gasiri","Seoul","Gangnam-gu","Yeoksam1-dong"
"BE_IW16-0021","Gawon","Seoul","Jongno-gu","Sajik-dong"
"BE_IW16-0022","Gawon","Seoul","Seocho-gu","Seocho3-dong"
"BE_IW16-0023","Gawon Charcoal Grilled Beef Ribs","Seoul","Dobong-gu","Ssangmun3-dong"
"BE_IW16-0024","Gajok Hoegwan","Seoul","Gangnam-gu","Yeoksam1-dong"
"BE_IW16-0025","Galmae","Seoul","Songpa-gu","Garakbon-dong"
"BE_IW16-0026","Leisure Pension","Seoul","Seongdong-gu","Wangsimnidoseon-dong"
"BE_IW16-0027","Gamnamujip","Seoul","Gangseo-gu","Banghwa3-dong"
"BE_IW16-0028","Gamnamujip","Seoul","Songpa-gu","Seokchon-dong"
"BE_IW16-0029","Gamnamujip","Seoul","Gangbuk-gu","Suyu2-dong"
"BE_IW16-0030","Gam-miok","Seoul","Seongbuk-gu","Wolgok1-dong"
"BE_IW16-0031","Gamjagol","Seoul","Gangnam-gu","Nonhyeon1-dong"
"BE_IW16-0032","Gamja Bau","Seoul","Gangnam-gu","Apgujeong-dong"
"BE_IW16-0800","Jeonju Hangover Soup","Seoul","Songpa-gu","Geoyeo1-dong"
"BE_IW16-0801","Jeonggane Restaurant","Seoul","Seongdong-gu","Wangsimni2-dong"
"BE_IW16-0802","Jeonggane Restaurant","Seoul","Gangbuk-gu","Ui-dong"
"BE_IW16-0803","Jeongdongjin","Seoul","Dongjak-gu","Noryangjin1-dong"
"BE_IW16-0804","Jeongseon","Seoul","Songpa-gu","Garak2-dong"
"BE_IW16-0805","Jeongwon Apt.","Seoul","Seodaemun-gu","Hongeun1-dong"
"BE_IW16-0806","Jeongwon Apt.","Seoul","Gangnam-gu","Cheongdam-dong"
"BE_IW16-0807","Butcher Shop & Restaurant","Seoul","Gangbuk-gu","Suyu3-dong"
"BE_IW16-0808","Jeongeup","Seoul","Seongbuk-gu","Jangwi1-dong"
"BE_IW16-0809","Jung-ilpum","Seoul","Seocho-gu","Seocho3-dong"
"BE_IW16-0810","Jebiwon","Seoul","Songpa-gu","Jamsilbon-dong"
"BE_IW16-0811","Jeil Apt.","Seoul","Seongdong-gu","Seongsu2ga3-dong"
"BE_IW16-0812","Jeil Garden (Restaurant)","Seoul","Jung-gu","Myeong-dong"
"BE_IW16-0813","Jeju Ttukbaegi","Seoul","Songpa-gu","Bangi1-dong"
"BE_IW16-0814","Jeju Eungalchi Fresh Fish Restaurant","Seoul","Gwanak-gu","Cheongnyong-dong"
"BE_IW16-0815","Jejuhang Restaurant","Seoul","Jungnang-gu","Mangubon-dong"
"BE_IW16-0816","Joseon Myeonok(Cold Buckwheat Noodles)","Seoul","Gangnam-gu","Suseo-dong"
"BE_IW16-0817","Joseon Myeonok(Cold Buckwheat Noodles)","Seoul","Seocho-gu","Yangjae2-dong"
"BE_IW16-0818","Joseon Myeonok(Cold Buckwheat Noodles)","Seoul","Seocho-gu","Banpo4-dong"
"BE_IW16-0819","Joseonok","Seoul","Gangbuk-gu","Mia-dong"
"BE_IW16-0820","Joseonok","Seoul","Nowon-gu","Sanggye2-dong"
"BE_IW16-0821","Jonggajip","Seoul","Jongno-gu","Jongno1.2.3.4ga-dong"
"BE_IW16-0822","Jokumeon","Seoul","Eunpyeong-gu","Eungam1-dong"
"BE_IW16-0823","Jonggumeon BonchunStation Shop","Seoul","Gwanak-gu","Cheongnyong-dong"
"BE_IW16-0824","Jumunjin","Seoul","Yangcheon-gu","Mok1-dong"
"BE_IW16-0825","Jirisanachim","Seoul","Seocho-gu","Bangbae1-dong"
"BE_IW16-0826","Jiho Chicken Ginseng Soup with Herbs","Seoul","Dobong-gu","Chang1-dong"
"BE_IW16-0827","JiHo Hanbang Samgyetang YeonhiShop","Seoul","Seodaemun-gu","Yeonhui-dong"
"BE_IW16-0828","Jingabang Charcoal Grilled Beef Ribs","Seoul","Eunpyeong-gu","Sinsa1-dong"
"BE_IW16-0829","Jindojip","Seoul","Seocho-gu","Seocho4-dong"
"BE_IW16-0830","Jindojip","Seoul","Jung-gu","Hoehyeon-dong"
"BE_IW16-0831","Jinmigwan","Seoul","Gangdong-gu","Dunchon2-dong"
"BE_IW16-0832","Jinmi Sikdang","Seoul","Seongdong-gu","Haengdang2-dong"
"BE_IW16-0833","Jinmi Sikdang","Seoul","Dongjak-gu","Heukseok-dong"
"BE_IW16-0834","Jinmi Sikdang","Seoul","Jongno-gu","Jongno1.2.3.4ga-dong"
"BE_IW16-0835","Jinmi Sikdang","Seoul","Jongno-gu","Changsin1-dong"
"BE_IW16-0836","Jinmijeong","Seoul","Yongsan-gu","Namyeong-dong"
"BE_IW16-0837","Jinmijeong","Seoul","Gwanak-gu","Jowon-dong"
"BE_IW16-0838","Jinmijip","Seoul","Gangnam-gu","Samseong2-dong"
"BE_IW16-0839","Jinmijip","Seoul","Yeongdeungpo-gu","Dangsan2-dong"
"BE_IW16-0840","Jinsadaek","Seoul","Mapo-gu","Yonggang-dong"
"BE_IW16-0841","Jinsang SeochoShop","Seoul","Seocho-gu","Seocho2-dong"
"BE_IW16-0842","Jinjujip","Seoul","Jongno-gu","Jongno5.6ga-dong"
"BE_IW16-0843","Chamnamujip","Seoul","Gwanak-gu","Namhyeon-dong"
"BE_IW16-0844","Chamnamujip","Seoul","Mapo-gu","Ahyeon-dong"
"BE_IW16-0845","Chamnureongso","Seoul","Nowon-gu","Hagye1-dong"
"BE_IW16-0846","Chammatgol","Seoul","Seongbuk-gu","Bomun-dong"
"BE_IW16-0847","Chambae Namu Yeouido Shop","Seoul","Yeongdeungpo-gu","Yeoui-dong"
"BE_IW16-0848","Chamsae Rice Mill","Seoul","Dobong-gu","Dobong1-dong"
"BE_IW16-0849","Chamsae Rice Mill","Seoul","Dongdaemun-gu","Imun1-dong"
"BE_IW16-0850","Chamsutgol","Seoul","Seodaemun-gu","Hongeun2-dong"
"BE_IW16-0851","Chamsutgol","Seoul","Jung-gu","Myeong-dong"
"BE_IW16-0852","Chamimat Gamjatang","Seoul","Nowon-gu","Sanggye2-dong"
"BE_IW16-0853","Chamimat ppyeodagui","Seoul","Mapo-gu","Seogyo-dong"
"BE_IW16-0854","Chaegundaam","Seoul","Gangnam-gu","Daechi2-dong"
"BE_IW16-0855","Chaeseokgang Cliff","Seoul","Seocho-gu","Seocho1-dong"
"BE_IW16-0856","Chaeseondang","Seoul","Mapo-gu","Seogyo-dong"
"BE_IW16-0857","Chaeseondang","Seoul","Gangseo-gu","Deungchon1-dong"
"BE_IW16-0858","Chaeseondang MyeongilShop","Seoul","Gangdong-gu","Myeongil2-dong"
"BE_IW16-0859","ChunhaTaePyeong","Seoul","Gangseo-gu","Hwagok3-dong"
"BE_IW16-0860","Chumbung","Seoul","Gangnam-gu","Daechi1-dong"
"BE_IW16-0861","Chunggyesan Matgoeul","Seoul","Seocho-gu","Yangjae2-dong"
"BE_IW16-0862","Chunggye sutbul saenggogi","Seoul","Songpa-gu","Garakbon-dong"
"BE_IW16-0863","Cheonggiwa Apt.","Seoul","Gangseo-gu","Gonghang-dong"
"BE_IW16-0864","Cheonggiwajip","Seoul","Seocho-gu","Bangbae4-dong"
"BE_IW16-0865","Cheonggiwajip","Seoul","Nowon-gu","Gongneung1-dong"
"BE_IW16-0866","Cheongdamgol","Seoul","Gangnam-gu","Cheongdam-dong"
"BE_IW16-0867","Cheongdam Bokjip","Seoul","Gangnam-gu","Cheongdam-dong"
"BE_IW16-0868","Cheongmaru","Seoul","Gangdong-gu","Gil-dong"
"BE_IW16-0869","Cheongmok","Seoul","Songpa-gu","Samjeon-dong"
"BE_IW16-0870","Cheongsan Garden","Seoul","Gangbuk-gu","Ui-dong"
"BE_IW16-0871","Cheongsol Restaurant","Seoul","Songpa-gu","Pungnap2-dong"
"BE_IW16-0872","Cheongsol Restaurant","Seoul","Eunpyeong-gu","Jeungsan-dong"
"BE_IW16-0873","Cheongsongmyeonok","Seoul","Gwanak-gu","Boramae-dong"
"BE_IW16-0874","Cheongsu","Seoul","Jung-gu","Gwanghui-dong"
"BE_IW16-0875","Cheongsu Cold Buckwheat Noodles","Seoul","Gwanak-gu","Daehak-dong"
"BE_IW16-0876","Cheongsu Boribap(Set menu with barley rice","Seoul","Gangbuk-gu","Suyu3-dong"
"BE_IW16-0877","Chungsoo Puffer Fish Soup","Seoul","Gangnam-gu","Sinsa-dong"
"BE_IW16-0878","Cheongsujeong","Seoul","Jongno-gu","Samcheong-dong"
"BE_IW16-0879","Cheonjung Raw Fish","Seoul","Gangnam-gu","Nonhyeon1-dong"
"BE_IW16-0880","Cheongjindong Soup for Hangovers","Seoul","Seongdong-gu","Majang-dong"
"BE_IW16-0881","Cheongjindong Soup for Hangovers","Seoul","Geumcheon-gu","Siheung1-dong"
"BE_IW16-0882","Cheongjindong Soup for Hangovers","Seoul","Seongbuk-gu","Samseon-dong"
"BE_IW16-0883","Cheongjindong Soup for Hangovers","Seoul","Gangseo-gu","Deungchon2-dong"
"BE_IW16-0884","Cheongjindong Soup for Hangovers","Seoul","Gangdong-gu","Cheonho3-dong"
"BE_IW16-0885","Cheongjindong Soup for Hangovers","Seoul","Jungnang-gu","Myeonmok3.8-dong"
"BE_IW16-0886","Cheongjindong Soup for Hangovers","Seoul","Dongdaemun-gu","Yongsin-dong"
"BE_IW16-0887","Cheonghae Crab Town","Seoul","Yangcheon-gu","Sinjeong2-dong"
"BE_IW16-0888","Cheonghaejin","Seoul","Seongbuk-gu","Wolgok2-dong"
"BE_IW16-0889","Cheonghaejin","Seoul","Gangdong-gu","Seongnae1-dong"
"BE_IW16-0890","Chogajip","Seoul","Gangnam-gu","Nonhyeon2-dong"
"BE_IW16-0891","Chogajip","Seoul","Gangbuk-gu","Ui-dong"
"BE_IW16-0892","Chogajip","Seoul","Seocho-gu","Seocho3-dong"
"BE_IW16-0893","Chogajip","Seoul","Guro-gu","Guro5-dong"
"BE_IW16-0894","Chodang","Seoul","Jongno-gu","Jongno5.6ga-dong"
"BE_IW16-0895","Chodongjip","Seoul","Seocho-gu","Bangbae2-dong"
"BE_IW16-0896","Chowon","Seoul","Guro-gu","Guro5-dong"
"BE_IW16-0897","Chowon","Seoul","Gangbuk-gu","Ui-dong"
"BE_IW16-0898","Chowon","Seoul","Gangnam-gu","Samseong1-dong"
"BE_IW16-0899","Chowon Garden (Restaurant)","Seoul","Gangbuk-gu","Ui-dong"
"BE_IW16-0900","Chowon Garden (Restaurant)","Seoul","Guro-gu","Guro5-dong"
"BE_IW16-0901","Chowon Garden (Restaurant)","Seoul","Jongno-gu","Gahoe-dong"
"BE_IW16-0902","Chowon Restaurant","Seoul","Guro-gu","Gocheok2-dong"
"BE_IW16-0903","Chowon Restaurant","Seoul","Geumcheon-gu","Gasan-dong"
"BE_IW16-0904","Chowon Restaurant","Seoul","Gwanak-gu","Miseong-dong"
"BE_IW16-0905","Chowon Restaurant","Seoul","Gangnam-gu","Cheongdam-dong"
"BE_IW16-0906","Chowon Restaurant","Seoul","Gwangjin-gu","Junggok2-dong"
"BE_IW16-0907","Choegojip Restaurant","Seoul","Mapo-gu","Seongsan2-dong"
"BE_IW16-0289","Mapo Sutbulgalbi","Seoul","Yeongdeungpo-gu","Dangsan1-dong"
"BE_IW16-0290","Mapo Sutbulgalbi","Seoul","Songpa-gu","Macheon2-dong"
"BE_IW16-0291","Mapo Sutbulgalbi","Seoul","Gangnam-gu","Irwon1-dong"
"BE_IW16-0292","Mapojip","Seoul","Dongjak-gu","Sadang3-dong"
"BE_IW16-0293","Mangnae Hoe Center","Seoul","Yeongdeungpo-gu","Yeongdeungpobon-dong"
"BE_IW16-0294","Manbal","Seoul","Seocho-gu","Bangbae4-dong"
"BE_IW16-0295","Manseon","Seoul","Seongbuk-gu","Dongseon-dong"
"BE_IW16-0296","Rice Cake Store","Seoul","Seongbuk-gu","Seokgwan-dong"
"BE_IW16-0297","Mukgol","Seoul","Gwanak-gu","Cheongnyong-dong"
"BE_IW16-0298","Meokgolchon","Seoul","Jungnang-gu","Sinnae1-dong"
"BE_IW16-0299","Meokgolchon","Seoul","Jungnang-gu","Sinnae1-dong"
"BE_IW16-0300","Memilchon","Seoul","Seongbuk-gu","Wolgok2-dong"
"BE_IW16-0301","Memilchon","Seoul","Eunpyeong-gu","Eungam1-dong"
"BE_IW16-0302","Memilchon","Seoul","Jungnang-gu","Junghwa2-dong"
"BE_IW16-0303","Myeongga","Seoul","Yongsan-gu","Itaewon1-dong"
"BE_IW16-0304","Myeongdong Gyoja","Seoul","Jung-gu","Myeong-dong"
"BE_IW16-0305","Myeongdong Kalguksu","Seoul","Mapo-gu","Seogang-dong"
"BE_IW16-0306","Myeongdong Kalguksu","Seoul","Eunpyeong-gu","Eungam1-dong"
"BE_IW16-0307","Myeongmun? Restaurant","Seoul","Songpa-gu","Samjeon-dong"
"BE_IW16-0308","Myeongsan eel","Seoul","Seocho-gu","Naegok-dong"
"BE_IW16-0309","Myeongju","Seoul","Dobong-gu","Banghak1-dong"
"BE_IW16-0310","Library","Seoul","Seocho-gu","Bangbae4-dong"
"BE_IW16-0311","Moa ","Seoul","Gangnam-gu","Cheongdam-dong"
"BE_IW16-0312","Mongnyeon Sikdang","Seoul","Gangnam-gu","Nonhyeon2-dong"
"BE_IW16-0313","Mongno","Seoul","Gangnam-gu","Sinsa-dong"
"BE_IW16-0314","Mongmyeok Sanbang","Seoul","Jung-gu","Pil-dong"
"BE_IW16-0315","Mokpo","Seoul","Gwanak-gu","Seonghyeon-dong"
"BE_IW16-0316","Mokpo Nakji","Seoul","Jung-gu","Donghwa-dong"
"BE_IW16-0317","Mokpo Jamaejip","Seoul","Gangnam-gu","Nonhyeon2-dong"
"BE_IW16-0318","Mokpojip","Seoul","Dongdaemun-gu","Yongsin-dong"
"BE_IW16-0319","Mudol","Seoul","Gangnam-gu","Cheongdam-dong"
"BE_IW16-0320","Muhwajam","Seoul","Gangnam-gu","Nonhyeon1-dong"
"BE_IW16-0321","Mun","Seoul","Gangnam-gu","Daechi4-dong"
"BE_IW16-0322","Muse","Seoul","Gangnam-gu","Nonhyeon2-dong"
"BE_IW16-0323","Miga","Seoul","Gwangjin-gu","Junggok1-dong"
"BE_IW16-0324","Miga","Seoul","Gwangjin-gu","Hwayang-dong"
"BE_IW16-0325","Micah Halmae","Seoul","Gwanak-gu","Sillim-dong"
"BE_IW16-0326","Midam","Seoul","Yangcheon-gu","Mok5-dong"
"BE_IW16-0327","Midam","Seoul","Yangcheon-gu","Mok5-dong"
"BE_IW16-0328","Mido ","Seoul","Gwanak-gu","Inheon-dong"
"BE_IW16-0329","Mido ","Seoul","Gangnam-gu","Dogok2-dong"
"BE_IW16-0330","Mirak","Seoul","Dongdaemun-gu","Yongsin-dong"
"BE_IW16-0331","Mirak","Seoul","Dongjak-gu","Sindaebang2-dong"
"BE_IW16-0332","Mirak","Seoul","Mapo-gu","Gongdeok-dong"
"BE_IW16-0333","Chinese Restaurant","Seoul","Songpa-gu","Seokchon-dong"
"BE_IW16-0334","Chinese Restaurant","Seoul","Yangcheon-gu","Sinjeong4-dong"
"BE_IW16-0335","Mireu","Seoul","Jongno-gu","Sajik-dong"
"BE_IW16-0336","Mireu","Seoul","Jung-gu","Jungnim-dong"
"BE_IW16-0337","Misan","Seoul","Gangnam-gu","Nonhyeon1-dong"
"BE_IW16-0338","Miseongok","Seoul","Jung-gu","Myeong-dong"
"BE_IW16-0339","Mihyang","Seoul","Gangnam-gu","Yeoksam2-dong"
"BE_IW16-0340","Mingadaheon (Min＇s Club)","Seoul","Jongno-gu","Jongno1.2.3.4ga-dong"
"BE_IW16-0341","Mindeulle","Seoul","Mapo-gu","Seogyo-dong"
"BE_IW16-0342","Mindeulle","Seoul","Gangnam-gu","Yeoksam1-dong"
"BE_IW16-0343","Minsok dubu Ma-eul","Seoul","Gangbuk-gu","Beon2-dong"
"BE_IW16-0344","Misok Restaurant","Seoul","Seodaemun-gu","Yeonhui-dong"
"BE_IW16-0345","Misok Restaurant","Seoul","Seodaemun-gu","Yeonhui-dong"
"BE_IW16-0346","Minsokjip","Seoul","Jongno-gu","Hyehwa-dong"
"BE_IW16-0347","Badalbi","Seoul","Gwanak-gu","Sillim-dong"
"BE_IW16-0348","Bawoo Restaurant","Seoul","Dobong-gu","Banghak1-dong"
"BE_IW16-0349","Bakdaegamne","Seoul","Gangnam-gu","Cheongdam-dong"
"BE_IW16-0350","Bakseobangne Sundaeguk","Seoul","Gangnam-gu","Samseong1-dong"
"BE_IW16-0351","Bakseok-gogae (Pass)","Seoul","Jongno-gu","Hyehwa-dong"
"BE_IW16-0352","Ballyongsan Mountain","Seoul","Gangnam-gu","Daechi4-dong"
"BE_IW16-0353","Bangagol","Seoul","Dobong-gu","Banghak1-dong"
"BE_IW16-0354","Baeksong","Seoul","Jongno-gu","Cheongunhyoja-dong"
"BE_IW16-0355","Baekam Noodle & Blood Sausage","Seoul","Jung-gu","Hoehyeon-dong"
"BE_IW16-0356","Baegam Wang Sundae","Seoul","Eunpyeong-gu","Galhyeon2-dong"
"BE_IW16-0357","Baegam Wang Sundae","Seoul","Seocho-gu","Seocho1-dong"
"BE_IW16-0358","Baek-un Sanjang","Seoul","Gangbuk-gu","Ui-dong"
"BE_IW16-0359","Baek-un Sanjang","Seoul","Gangbuk-gu","Ui-dong"
"BE_IW16-0360","Baekhap ","Seoul","Guro-gu","Gocheok1-dong"
"BE_IW16-0361","Bamboo House","Seoul","Gangnam-gu","Yeoksam1-dong"
"BE_IW16-0362","Baetgodong","Seoul","Gangnam-gu","Yeoksam1-dong"
"BE_IW16-0363","Budnamujip","Seoul","Gangdong-gu","Gangil-dong"
"BE_IW16-0364","Budnamujip","Seoul","Songpa-gu","Ogeum-dong"
"BE_IW16-0365","Budnamujip","Seoul","Gangnam-gu","Yeoksam1-dong"
"BE_IW16-0366","Budnamujip","Seoul","Mapo-gu","Ahyeon-dong"
"BE_IW16-0367","Budnamujip","Seoul","Dobong-gu","Chang2-dong"
"BE_IW16-0368","Budnamujip","Seoul","Seongdong-gu","Wangsimnidoseon-dong"
"BE_IW16-0369","Budnamujip","Seoul","Seocho-gu","Seocho2-dong"
"BE_IW16-0370","Beoseot Ma-eul","Seoul","Yongsan-gu","Hangangno-dong"
"BE_IW16-0371","Bums","Seoul","Gangnam-gu","Cheongdam-dong"
"BE_IW16-0372","Byeokjegalbi","Seoul","Songpa-gu","Bangi1-dong"
"BE_IW16-0373","Byeolgung Sikdang","Seoul","Jongno-gu","Samcheong-dong"
"BE_IW16-0374","Byeoldang","Seoul","Gangbuk-gu","Ui-dong"
"BE_IW16-0375","Byeolmijeong","Seoul","Seongbuk-gu","Bomun-dong"
"BE_IW16-0376","Byeotjipgu-i Ma-eul","Seoul","Yangcheon-gu","Sinwol7-dong"
"BE_IW16-0377","Byeotjipgu-i Ma-eul","Seoul","Gangnam-gu","Irwon1-dong"
"BE_IW16-0378","Byeongcheon Noodle & Blood Sausage","Seoul","Dongjak-gu","Noryangjin2-dong"
"BE_IW16-0379","Byeongcheon Noodle & Blood Sausage","Seoul","Yeongdeungpo-gu","Yangpyeong2-dong"
"BE_IW16-0380","Borisu","Seoul","Gangnam-gu","Daechi2-dong"
"BE_IW16-0381","Boritgol","Seoul","Gangdong-gu","Dunchon2-dong"
"BE_IW16-0382","Bomulseom","Seoul","Seodaemun-gu","Yeonhui-dong"
"BE_IW16-0383","Bowon","Seoul","Yeongdeungpo-gu","Yeongdeungpo-dong"
"BE_IW16-0384","Botong Saram","Seoul","Seodaemun-gu","Sinchon-dong"
"BE_IW16-0385","Bonga","Seoul","Jung-gu","Myeong-dong"
"BE_IW16-0386","Bonga","Seoul","Mapo-gu","Seogyo-dong"
"BE_IW16-0387","Bonga","Seoul","Seongbuk-gu","Jangwi2-dong"
"BE_IW16-0388","Bongsanok","Seoul","Seocho-gu","Seocho3-dong"
"BE_IW16-0389","Bongsanjip","Seoul","Yongsan-gu","Hangangno-dong"
"BE_IW16-0390","Bong-woori","Seoul","Seocho-gu","Seocho3-dong"
"BE_IW16-0391","Bongchu Jjimdak","Seoul","Gangnam-gu","Apgujeong-dong"
"BE_IW16-0392","Bongchu Jjimdak","Seoul","Gangbuk-gu","Songjung-dong"
"BE_IW16-0393","Bongchu Jjimdak","Seoul","Seongdong-gu","Sageun-dong"
"BE_IW16-0394","Bongchu Jjimdak","Seoul","Seongbuk-gu","Dongseon-dong"
"BE_IW16-0395","Bongpiyang","Seoul","Songpa-gu","Bangi1-dong"
"BE_IW16-0396","Bonghee Ox Bone Soup","Seoul","Eunpyeong-gu","Jeungsan-dong"
"BE_IW16-0397","Buttumak","Seoul","Seocho-gu","Seocho3-dong"
"BE_IW16-0398","Burimjeong Sutbulgalbi","Seoul","Gwangjin-gu","Jayang4-dong"
"BE_IW16-0399","Buminok","Seoul","Jung-gu","Myeong-dong"
"BE_IW16-0400","Busanbokjip","Seoul","Dongdaemun-gu","Jangan1-dong"
"BE_IW16-0401","Busanbokjip","Seoul","Seocho-gu","Seocho3-dong"
"BE_IW16-0402","Busanbokjip","Seoul","Songpa-gu","Ogeum-dong"
"BE_IW16-0403","Busanbokjip","Seoul","Jongno-gu","Sajik-dong"
"BE_IW16-0404","Busan Sikdang","Seoul","Dongdaemun-gu","Cheongnyangni-dong"
"BE_IW16-0405","Busan Sikdang","Seoul","Jongno-gu","Jongno1.2.3.4ga-dong"
"BE_IW16-0406","Busanjip","Seoul","Gangnam-gu","Nonhyeon1-dong"
"BE_IW16-0407","Builgalbi","Seoul","Yeongdeungpo-gu","Yeongdeungpo-dong"
"BE_IW16-0408","Bugakjeong","Seoul","Jongno-gu","Pyeongchang-dong"
"BE_IW16-0409","Bukchon","Seoul","Seongbuk-gu","Dongseon-dong"
"BE_IW16-0410","Sadong Myeonok","Seoul","Jongno-gu","Jongno1.2.3.4ga-dong"
"BE_IW16-0411","Sarangbang","Seoul","Mapo-gu","Gongdeok-dong"
"BE_IW16-0412","Sarangbang","Seoul","Gangbuk-gu","Ui-dong"
"BE_IW16-0413","Sarangbang","Seoul","Jongno-gu","Ihwa-dong"
"BE_IW16-0414","Sarangchae","Seoul","Songpa-gu","Munjeong1-dong"
"BE_IW16-0415","Sarangchae","Seoul","Seocho-gu","Bangbae1-dong"
"BE_IW16-0416","Sariwon","Seoul","Dongjak-gu","Sangdo1-dong"
"BE_IW16-0417","Sariwon","Seoul","Dobong-gu","Banghak1-dong"
"BE_IW16-0418","Sajohoe Tuna","Seoul","Yeongdeungpo-gu","Dangsan2-dong"
"BE_IW16-0419","Sangosujang","Seoul","Seocho-gu","Naegok-dong"
"BE_IW16-0420","Sangol Restaurant","Seoul","Seongbuk-gu","Seokgwan-dong"
"BE_IW16-0421","Sanmaru","Seoul","Gwanak-gu","Namhyeon-dong"
"BE_IW16-0422","Sansarang","Seoul","Gangbuk-gu","Ui-dong"
"BE_IW16-0423","Sansok Garden","Seoul","Gangdong-gu","Godeok2-dong"
"BE_IW16-0424","Sansugabsan","Seoul","Gwanak-gu","Namhyeon-dong"
"BE_IW16-0425","Sansujeong","Seoul","Seongdong-gu","Seongsu2ga3-dong"
"BE_IW16-0426","Sansujeong","Seoul","Eunpyeong-gu","Gusan-dong"
"BE_IW16-0427","Sansujeong","Seoul","Seocho-gu","Naegok-dong"
"BE_IW16-0428","Sanesan Mineral-fed Duck","Seoul","Jongno-gu","Jongno1.2.3.4ga-dong"
"BE_IW16-0429","Sanul","Seoul","Gwangjin-gu","Gwangjang-dong"
"BE_IW16-0430","Sanyuhwa","Seoul","Jongno-gu","Pyeongchang-dong"
"BE_IW16-0431","Sanyuhwa","Seoul","Jung-gu","Jangchung-dong"
"BE_IW16-0432","Sanjang Garden Restaurant","Seoul","Gangdong-gu","Dunchon2-dong"
"BE_IW16-0433","Sanjeong","Seoul","Gangnam-gu","Nonhyeon2-dong"
"BE_IW16-0434","Sanchon","Seoul","Gangbuk-gu","Ui-dong"
"BE_IW16-0435","Sanho","Seoul","Gangnam-gu","Sinsa-dong"
"BE_IW16-0436","Salgunamujip","Seoul","Gangseo-gu","Balsan1-dong"
"BE_IW16-0437","Samgeori / Three-way Intersection","Seoul","Seocho-gu","Yangjae1-dong"
"BE_IW16-0438","Samgeori Restaurant","Seoul","Eunpyeong-gu","Galhyeon1-dong"
"BE_IW16-0439","Samgeori Restaurant","Seoul","Seongdong-gu","Sageun-dong"
"BE_IW16-0440","Samrak","Seoul","Dongjak-gu","Daebang-dong"
"BE_IW16-0441","Samujeong","Seoul","Gangnam-gu","Yeoksam1-dong"
"BE_IW16-0442","Samwongarden","Seoul","Gangnam-gu","Apgujeong-dong"
"BE_IW16-0443","Samcheonggak","Seoul","Nowon-gu","Hagye1-dong"
"BE_IW16-0444","Samho Garden Restaurant","Seoul","Seocho-gu","Bangbaebon-dong"
"BE_IW16-0445","Samho Garden Restaurant","Seoul","Yangcheon-gu","Sinwol2-dong"
"BE_IW16-0446","Samho Bokjip","Seoul","Seocho-gu","Seocho2-dong"
"BE_IW16-0447","Sangrakwon","Seoul","Gangnam-gu","Yeoksam1-dong"
"BE_IW16-0448","Saemaeul Restaurant","Seoul","Yeongdeungpo-gu","Yeongdeungpo-dong"
"BE_IW16-0449","Saemaeul Restaurant","Seoul","Geumcheon-gu","Doksan3-dong"
"BE_IW16-0450","Saemaeul Restaurant","Seoul","Dongdaemun-gu","Hoegi-dong"
"BE_IW16-0451","Saemaeul Restaurant","Seoul","Songpa-gu","Jamsilbon-dong"
"BE_IW16-0452","Saebyeokjip","Seoul","Gangnam-gu","Cheongdam-dong"
"BE_IW16-0453","Saemteo Garden Restaurant","Seoul","Gwanak-gu","Boramae-dong"
"BE_IW16-0454","Saemteomaru","Seoul","Gangbuk-gu","Ui-dong"
"BE_IW16-0455","Sorabeol","Seoul","Jongno-gu","Hyehwa-dong"
"BE_IW16-0456","Seorae","Seoul","Seongbuk-gu","Anam-dong"
"BE_IW16-0457","Seorae","Seoul","Songpa-gu","Jamsilbon-dong"
"BE_IW16-0458","Seorae","Seoul","Eunpyeong-gu","Galhyeon2-dong"
"BE_IW16-0459","Seorae","Seoul","Yongsan-gu","Namyeong-dong"
"BE_IW16-0460","Seorin Nakji","Seoul","Jongno-gu","Jongno1.2.3.4ga-dong"
"BE_IW16-0461","SeoSeo Galbi Restaurant","Seoul","Gangseo-gu","Gayang1-dong"
"BE_IW16-0462","Apgujeong Seoseogalbi","Seoul","Gangnam-gu","Apgujeong-dong"
"BE_IW16-0463","Seoul Garden ","Seoul","Dongjak-gu","Sindaebang1-dong"
"BE_IW16-0464","Seoul Ttukbaegi(hot pot) (Restaurant)","Seoul","Yeongdeungpo-gu","Yangpyeong1-dong"
"BE_IW16-0465","SeoulRestaurant","Seoul","Dongdaemun-gu","Yongsin-dong"
"BE_IW16-0466","SeoulRestaurant","Seoul","Yeongdeungpo-gu","Yangpyeong1-dong"
"BE_IW16-0467","SeoulRestaurant","Seoul","Nowon-gu","Sanggye5-dong"
"BE_IW16-0468","SeoulRestaurant","Seoul","Gangdong-gu","Cheonho1-dong"
"BE_IW16-0469","Seoul Club","Seoul","Jung-gu","Jangchung-dong"
"BE_IW16-0470","Seochogol","Seoul","Seocho-gu","Seocho3-dong"
"BE_IW16-0471","Seongnan","Seoul","Seodaemun-gu","Sinchon-dong"
"BE_IW16-0472","Seorak loach soup","Seoul","Dongjak-gu","Sangdo3-dong"
"BE_IW16-0473","Seongneomeojip","Seoul","Seongbuk-gu","Seongbuk-dong"
"BE_IW16-0474","Seongbukdong Nurungjibaeksuk","Seoul","Seongbuk-gu","Seongbuk-dong"
"BE_IW16-0475","Seongbukdong Dwaejigalbijip","Seoul","Seongbuk-gu","Seongbuk-dong"
"BE_IW16-0476","Seong-won Restaurant","Seoul","Gwangjin-gu","Guui2-dong"
"BE_IW16-0477","Seongji Restaurant","Seoul","Yangcheon-gu","Mok2-dong"
"BE_IW16-0478","SejongGarden (Restaurant)","Seoul","Yongsan-gu","Hannam-dong"
"BE_IW16-0479","Sogongdong Ttukbaegijip","Seoul","Gangnam-gu","Samseong1-dong"
"BE_IW16-0480","Sogongdong Ttukbaegijip","Seoul","Jung-gu","Sogong-dong"
"BE_IW16-0481","Sogongdong Ttukbaegijip","Seoul","Seocho-gu","Banpo4-dong"
"BE_IW16-0482","Sonamu","Seoul","Mapo-gu","Ahyeon-dong"
"BE_IW16-0483","Sonamu","Seoul","Gangnam-gu","Nonhyeon2-dong"
"BE_IW16-0484","Sonamujip (Restaurant)","Seoul","Gwanak-gu","Boramae-dong"
"BE_IW16-0485","Sonamujip (Restaurant)","Seoul","Eunpyeong-gu","Jingwan-dong"
"BE_IW16-0486","Sodam","Seoul","Gangnam-gu","Daechi4-dong"
"BE_IW16-0487","Sodam","Seoul","Seongbuk-gu","Dongseon-dong"
"BE_IW16-0488","Sodam","Seoul","Songpa-gu","Seokchon-dong"
"BE_IW16-0489","Sodam","Seoul","Seodaemun-gu","Hongje1-dong"
"BE_IW16-0490","Somaru","Seoul","Gangnam-gu","Yeoksam2-dong"
"BE_IW16-0491","Ox Head Soup ","Seoul","Yeongdeungpo-gu","Yangpyeong2-dong"
"BE_IW16-0492","Ox Head Soup ","Seoul","Yangcheon-gu","Sinwol7-dong"
"BE_IW16-0493","Somunnan Restaurant","Seoul","Jongno-gu","Jongno1.2.3.4ga-dong"
"BE_IW16-0494","Soban","Seoul","Eunpyeong-gu","Eungam3-dong"
"BE_IW16-0495","Mt. Sobaeksan","Seoul","Seocho-gu","Yangjae2-dong"
"BE_IW16-0496","Sobaeksan Garden Restaurant","Seoul","Seocho-gu","Yangjae2-dong"
"BE_IW16-0497","Pond","Seoul","Gangbuk-gu","Songjung-dong"
"BE_IW16-0498","Sojeong","Seoul","Dongdaemun-gu","Jegi-dong"
"BE_IW16-0499","Sohojeong","Seoul","Seocho-gu","Yangjae2-dong"
"BE_IW16-0500","Sokcho Saengtaejip","Seoul","Jung-gu","Sogong-dong"
"BE_IW16-0501","Songane","Seoul","Seongbuk-gu","Seongbuk-dong"
"BE_IW16-0502","Solomon Garden Restaurant","Seoul","Gangbuk-gu","Insu-dong"
"BE_IW16-0503","Solbatgol","Seoul","Dongjak-gu","Daebang-dong"
"BE_IW16-0504","Solbat Sutbul Galbi ( Charcoal Galbi)","Seoul","Gangbuk-gu","Songcheon-dong"
"BE_IW16-0505","Solhyanggi","Seoul","Yeongdeungpo-gu","Yangpyeong2-dong"
"BE_IW16-0506","Solhyanggi","Seoul","Yongsan-gu","Wonhyoro1-dong"
"BE_IW16-0507","Motel","Seoul","Jongno-gu","Hyehwa-dong"
"BE_IW16-0508","chueotang","Seoul","Mapo-gu","Yeonnam-dong"
"BE_IW16-0509","SonglimGol","Seoul","Dongdaemun-gu","Cheongnyangni-dong"
"BE_IW16-0510","Suyang","Seoul","Gwangjin-gu","Jayang3-dong"
"BE_IW16-0511","Songnimjeong","Seoul","Jungnang-gu","Myeonmok4-dong"
"BE_IW16-0512","Songbaek Sikdang","Seoul","Yeongdeungpo-gu","Dangsan2-dong"
"BE_IW16-0513","Song-am Apt.","Seoul","Jongno-gu","Jongno1.2.3.4ga-dong"
"BE_IW16-0514","Song-ori","Seoul","Seodaemun-gu","Hongeun2-dong"
"BE_IW16-0515","Songok","Seoul","Gangnam-gu","Sinsa-dong"
"BE_IW16-0516","Songwon","Seoul","Gangbuk-gu","Ui-dong"
"BE_IW16-0517","Songwon","Seoul","Jung-gu","Jangchung-dong"
"BE_IW16-0518","Songhyeon","Seoul","Seocho-gu","Seocho2-dong"
"BE_IW16-0519","Sugang","Seoul","Yeongdeungpo-gu","Yeongdeungpo-dong"
"BE_IW16-0520","Sura","Seoul","Yeongdeungpo-gu","Dangsan1-dong"
"BE_IW16-0521","Suracheong","Seoul","Seocho-gu","Seocho3-dong"
"BE_IW16-0522","Sulim Restaurant","Seoul","Gangseo-gu","Hwagok4-dong"
"BE_IW16-0523","Sujeong Restaurant","Seoul","Gangdong-gu","Seongnae1-dong"
"BE_IW16-0524","Suhyang","Seoul","Jungnang-gu","Sangbong2-dong"
"BE_IW16-0525","Sukjane","Seoul","Seocho-gu","Seocho3-dong"
"BE_IW16-0526","Chef Flo","Seoul","Gangnam-gu","Dogok2-dong"
"BE_IW16-0527","Star Chef","Seoul","Gangnam-gu","Dogok2-dong"
"BE_IW16-0528","Sigolgil","Seoul","Gangbuk-gu","Ui-dong"
"BE_IW16-0529","Sigol Farm","Seoul","Seodaemun-gu","Sinchon-dong"
"BE_IW16-0530","Sigol Bapsang","Seoul","Gangnam-gu","Gaepo4-dong"
"BE_IW16-0531","Sigol Bapsang","Seoul","Gangbuk-gu","Ui-dong"
"BE_IW16-0532","Sigol Bapsang","Seoul","Yeongdeungpo-gu","Yeongdeungpo-dong"
"BE_IW16-0533","Sigol Bapsang","Seoul","Jungnang-gu","Junghwa2-dong"
"BE_IW16-0534","Sigol Bapsang","Seoul","Gangdong-gu","Gil-dong"
"BE_IW16-0535","Sigol Bapsang","Seoul","Gangnam-gu","Yeoksam2-dong"
"BE_IW16-0536","Sigol Bapsang","Seoul","Eunpyeong-gu","Jingwan-dong"
"BE_IW16-0537","Sigol Rice with Lettuce Wraps","Seoul","Yeongdeungpo-gu","Yangpyeong1-dong"
"BE_IW16-0538","Sigol Rice with Lettuce Wraps","Seoul","Gwanak-gu","Sinwon-dong"
"BE_IW16-0539","Sigoljip (Restaurant)","Seoul","Jongno-gu","Jongno1.2.3.4ga-dong"
"BE_IW16-0540","Sigoljip (Restaurant)","Seoul","Dongdaemun-gu","Yongsin-dong"
"BE_IW16-0541","Sigoljip (Restaurant)","Seoul","Gwanak-gu","Sinsa-dong"
"BE_IW16-0542","Sigoljip (Restaurant)","Seoul","Dongdaemun-gu","Yongsin-dong"
"BE_IW16-0543","Sigoljip (Restaurant)","Seoul","Seodaemun-gu","Bukgajwa2-dong"
"BE_IW16-0544","Sigoljip (Restaurant)","Seoul","Dobong-gu","Chang1-dong"
"BE_IW16-0545","Sigoljip (Restaurant)","Seoul","Dobong-gu","Dobong2-dong"
"BE_IW16-0546","Sigoljip (Restaurant)","Seoul","Jung-gu","Gwanghui-dong"
"BE_IW16-0547","Sigoljip (Restaurant)","Seoul","Jung-gu","Gwanghui-dong"
"BE_IW16-0548","Sigoljip (Restaurant)","Seoul","Gwanak-gu","Nakseongdae-dong"
"BE_IW16-0549","Sigoljip (Restaurant)","Seoul","Yeongdeungpo-gu","Dangsan1-dong"
"BE_IW16-0550","Sigol Loach Soup","Seoul","Gwangjin-gu","Jayang4-dong"
"BE_IW16-0551","Sigyeongjeong Pavilion","Seoul","Seocho-gu","Yangjae2-dong"
"BE_IW16-0552","SinMap Skirtmeat","Seoul","Gangseo-gu","Hwagok6-dong"
"BE_IW16-0553","SinMap Skirtmeat","Seoul","Gangbuk-gu","Mia-dong"
"BE_IW16-0554","SinMap Skirtmeat","Seoul","Dobong-gu","Banghak1-dong"
"BE_IW16-0555","SinMap Skirtmeat","Seoul","Songpa-gu","Bangi2-dong"
"BE_IW16-0556","SinMap Skirtmeat","Seoul","Geumcheon-gu","Siheung1-dong"
"BE_IW16-0557","Sinseon Ox Bone Soup","Seoul","Seodaemun-gu","Sinchon-dong"
"BE_IW16-0558","Sinanchon","Seoul","Jongno-gu","Sajik-dong"
"BE_IW16-0559","Sinjeong","Seoul","Gangnam-gu","Yeoksam1-dong"
"BE_IW16-0560","Sinjeong","Seoul","Jung-gu","Myeong-dong"
"BE_IW16-0561","Sintoburi","Seoul","Guro-gu","Guro2-dong"
"BE_IW16-0562","Sin Hangukgwan","Seoul","Yeongdeungpo-gu","Yeoui-dong"
"BE_IW16-0563","Silbi Restaurant","Seoul","Jungnang-gu","Mangubon-dong"
"BE_IW16-0564","Silbi Restaurant","Seoul","Seocho-gu","Bangbae2-dong"
"BE_IW16-0565","Sim-ga-myeon-ok Myeonok (Cold Buckwheat Noodles)","Seoul","Eunpyeong-gu","Eungam1-dong"
"BE_IW16-0566","Ssarijip","Seoul","Gangbuk-gu","Songjung-dong"
"BE_IW16-0567","Aguga Joa (Anglerfish)","Seoul","Jungnang-gu","Myeonmok2-dong"
"BE_IW16-0568","North Korean-style Sausage","Seoul","Gangdong-gu","Gil-dong"
"BE_IW16-0569","Angoeul","Seoul","Seocho-gu","Naegok-dong"
"BE_IW16-0570","Anseongjip","Seoul","Jung-gu","Euljiro-dong"
"BE_IW16-0571","EryuHeon","Seoul","Gangnam-gu","Cheongdam-dong"
"BE_IW16-0572","Yaksu Mountain Villa","Seoul","Seocho-gu","Naegok-dong"
"BE_IW16-0573","Yaksuteo Garden Restaurant","Seoul","Guro-gu","Oryu2-dong"
"BE_IW16-0574","Yangmani","Seoul","Yeongdeungpo-gu","Yeoui-dong"
"BE_IW16-0575","Yangmani(Cheongdam branch)","Seoul","Gangnam-gu","Cheongdam-dong"
"BE_IW16-0576","Yangmiok(Samseong-dong branch)","Seoul","Gangnam-gu","Samseong1-dong"
"BE_IW16-0577","Yangjojang","Seoul","Gangnam-gu","Yeoksam1-dong"
"BE_IW16-0578","Yangcholli","Seoul","Gwangjin-gu","Guui3-dong"
"BE_IW16-0579","Yangcholli","Seoul","Gangnam-gu","Nonhyeon2-dong"
"BE_IW16-0580","Yangcholli","Seoul","Yeongdeungpo-gu","Yeongdeungpo-dong"
"BE_IW16-0581","Yangpyeong Hangover Soup","Seoul","Nowon-gu","Wolgye1-dong"
"BE_IW16-0582","Eorang","Seoul","Gangbuk-gu","Ui-dong"
"BE_IW16-0583","Eondeok","Seoul","Gangbuk-gu","Ui-dong"
"BE_IW16-0584","Eummason","Seoul","Dongjak-gu","Sangdo1-dong"
"BE_IW16-0585","Eommason Restaurant","Seoul","Yangcheon-gu","Mok4-dong"
"BE_IW16-0586","Eommason Hand-Rolled Noodles","Seoul","Gangdong-gu","Cheonho1-dong"
"BE_IW16-0587","Eomcheong Hanujeong(Korean Beef)","Seoul","Seocho-gu","Yangjae2-dong"
"BE_IW16-0588","Yeosu Odongdo","Seoul","Gangnam-gu","Daechi4-dong"
"BE_IW16-0589","Yongsan Yukjeon Hoegwan (1962)","Seoul","Mapo-gu","Yeomni-dong"
"BE_IW16-0590","Yeontabal","Seoul","Gangnam-gu","Apgujeong-dong"
"BE_IW16-0591","Yeontabal","Seoul","Songpa-gu","Bangi2-dong"
"BE_IW16-0592","Yeonhuidong Kalguksu","Seoul","Seodaemun-gu","Yeonhui-dong"
"BE_IW16-0593","Yeolchajip","Seoul","Jongno-gu","Jongno1.2.3.4ga-dong"
"BE_IW16-0594","Yeonggwang Restaurant","Seoul","Gwanak-gu","Seorim-dong"
"BE_IW16-0595","Yeongdong Seolleongtang","Seoul","Seocho-gu","Jamwon-dong"
"BE_IW16-0596","Wedding Hall","Seoul","Jongno-gu","Jongno1.2.3.4ga-dong"
"BE_IW16-0597","Yeongsangang","Seoul","Jungnang-gu","Myeonmok2-dong"
"BE_IW16-0598","Yeongsangang","Seoul","Geumcheon-gu","Doksan3-dong"
"BE_IW16-0599","Yeongsangang","Seoul","Gwangjin-gu","Jayang2-dong"
"BE_IW16-0600","Yeongyang Center","Seoul","Dongdaemun-gu","Jeonnong1-dong"
"BE_IW16-0601","Yeongcheon Yeonghwa Sigyuk Sikdang","Seoul","Gangnam-gu","Cheongdam-dong"
"BE_IW16-0602","Yega","Seoul","Nowon-gu","Junggyebon-dong"
"BE_IW16-0603","Yedang","Seoul","Gangnam-gu","Apgujeong-dong"
"BE_IW16-0604","Yesodam","Seoul","Guro-gu","Guro5-dong"
"BE_IW16-0605","Yewon Apt.","Seoul","Gangnam-gu","Yeoksam1-dong"
"BE_IW16-0606","Yejeon","Seoul","Seocho-gu","Seocho1-dong"
"BE_IW16-0607","Yechon","Seoul","Seocho-gu","Seocho2-dong"
"BE_IW16-0608","Yehyang","Seoul","Gangnam-gu","Daechi2-dong"
"BE_IW16-0609","Yehyang","Seoul","Gangnam-gu","Samseong2-dong"
"BE_IW16-0610","Yehyang","Seoul","Gangnam-gu","Yeoksam1-dong"
"BE_IW16-0611","Yetgoeul","Seoul","Songpa-gu","Garak2-dong"
"BE_IW16-0612","Yetgol Toseong","Seoul","Jongno-gu","Pyeongchang-dong"
"BE_IW16-0613","Yetgol Toseong","Seoul","Jungnang-gu","Sangbong2-dong"
"BE_IW16-0614","Yetgol Toseong","Seoul","Seocho-gu","Bangbae4-dong"
"BE_IW16-0615","Yetgol Toseong","Seoul","Gangseo-gu","Deungchon3-dong"
"BE_IW16-0616","Yennal Farm","Seoul","Jongno-gu","Hyehwa-dong"
"BE_IW16-0617","Yennal Farm","Seoul","Gangnam-gu","Yeoksam1-dong"
"BE_IW16-0618","Yennal Farm","Seoul","Gangnam-gu","Dogok1-dong"
"BE_IW16-0619","Yennal Farm","Seoul","Gangbuk-gu","Songjung-dong"
"BE_IW16-0620","Yennal Farm","Seoul","Gangdong-gu","Cheonho3-dong"
"BE_IW16-0621","Yennal Farm","Seoul","Gangseo-gu","Yeomchang-dong"
"BE_IW16-0622","Yennal Farm","Seoul","Seongbuk-gu","Gireum2-dong"
"BE_IW16-0623","Yennal Farm","Seoul","Seongdong-gu","Guemho4ga-dong"
"BE_IW16-0624","Yennal Minsokjip Restaurant","Seoul","Jongno-gu","Pyeongchang-dong"
"BE_IW16-0625","Yennaljip","Seoul","Mapo-gu","Seogyo-dong"
"BE_IW16-0626","Yennaljip","Seoul","Gwanak-gu","Sillim-dong"
"BE_IW16-0627","Yennaljip","Seoul","Gangseo-gu","Hwagok6-dong"
"BE_IW16-0628","Yennaljip","Seoul","Seodaemun-gu","Hongje1-dong"
"BE_IW16-0629","Yetjip","Seoul","Gangnam-gu","Segok-dong"
"BE_IW16-0630","Yetjip","Seoul","Yeongdeungpo-gu","Singil6-dong"
"BE_IW16-0631","Yetchon","Seoul","Geumcheon-gu","Doksan4-dong"
"BE_IW16-0632","Odolee","Seoul","Dongdaemun-gu","Yongsin-dong"
"BE_IW16-0633","Ottugi Restaurant","Seoul","Gwanak-gu","Namhyeon-dong"
"BE_IW16-0634","Ori Nongjang Duck Restaurant","Seoul","Gangbuk-gu","Songjung-dong"
"BE_IW16-0635","Ori (duck) Ma-eul","Seoul","Yeongdeungpo-gu","Daerim2-dong"
"BE_IW16-0636","Orisanyang (grilled duck)","Seoul","Songpa-gu","Bangi1-dong"
"BE_IW16-0637","Oriwon Restaurant","Seoul","Gangseo-gu","Banghwa2-dong"
"BE_IW16-0638","Orijeong Pavilion","Seoul","Guro-gu","Guro2-dong"
"BE_IW16-0639","Omakjip","Seoul","Gangnam-gu","Yeoksam2-dong"
"BE_IW16-0640","Omiga","Seoul","Seocho-gu","Yangjae1-dong"
"BE_IW16-0641","Obaltan","Seoul","Seocho-gu","Seocho3-dong"
"BE_IW16-0642","Obaltan","Seoul","Gangnam-gu","Samseong1-dong"
"BE_IW16-0643","Obok Restaurant","Seoul","Geumcheon-gu","Siheung1-dong"
"BE_IW16-0644","Obok Restaurant","Seoul","Dongdaemun-gu","Jangan1-dong"
"BE_IW16-0645","Obuja Restaurant","Seoul","Gangdong-gu","Myeongil2-dong"
"BE_IW16-0646","Ohsaegyehyang","Seoul","Jongno-gu","Jongno1.2.3.4ga-dong"
"BE_IW16-0647","Osu","Seoul","Jongno-gu","Jongno1.2.3.4ga-dong"
"BE_IW16-0648","Osiri Tto Osiri","Seoul","Songpa-gu","Bangi2-dong"
"BE_IW16-0649","Ouga","Seoul","Jung-gu","Myeong-dong"
"BE_IW16-0650","Oishi","Seoul","Seongbuk-gu","Jangwi3-dong"
"BE_IW16-0651","Ojing-eo Nara (Cuttlefish & Seafood Restaurant)","Seoul","Gwangjin-gu","Jayang2-dong"
"BE_IW16-0652","Ojing-eo Nara (Cuttlefish & Seafood Restaurant)","Seoul","Gangdong-gu","Seongnae3-dong"
"BE_IW16-0653","Oh-jing-eo Ma-eul(Squid Town)","Seoul","Gwangjin-gu","Guui1-dong"
"BE_IW16-0654","Oh-jing-eo Ma-eul(Squid Town)","Seoul","Gwangjin-gu","Gunja-dong"
"BE_IW16-0655","Oh-jing-eo Ma-eul(Squid Town)","Seoul","Gwangjin-gu","Hwayang-dong"
"BE_IW16-0656","Ohucheong","Seoul","Jung-gu","Sogong-dong"
"BE_IW16-0657","Onmaeul","Seoul","Jongno-gu","Samcheong-dong"
"BE_IW16-0658","Onggichon","Seoul","Nowon-gu","Sanggye5-dong"
"BE_IW16-0659","Wasabi","Seoul","Gangdong-gu","Myeongil2-dong"
"BE_IW16-0660","Wasedaya","Seoul","Gangnam-gu","Cheongdam-dong"
"BE_IW16-0661","Wangga","Seoul","Gangbuk-gu","Ui-dong"
"BE_IW16-0662","Wangdoljam","Seoul","Jongno-gu","Sajik-dong"
"BE_IW16-0663","Wangsimni Gopchang (Beef Tripe)","Seoul","Gwanak-gu","Samseong-dong"
"BE_IW16-0664","Wangsimni Gopchang (Beef Tripe)","Seoul","Seongdong-gu","Seongsu1ga1-dong"
"BE_IW16-0665","Oigatjip","Seoul","Seocho-gu","Jamwon-dong"
"BE_IW16-0666","Oigatjip","Seoul","Seongdong-gu","Seongsu2ga3-dong"
"BE_IW16-0667","Oigatjip","Seoul","Gangbuk-gu","Mia-dong"
"BE_IW16-0668","Oigatjip","Seoul","Gangseo-gu","Hwagok6-dong"
"BE_IW16-0669","Oegojip Seolleongtang","Seoul","Gangnam-gu","Daechi4-dong"
"BE_IW16-0670","Yogi Head Shop","Seoul","Mapo-gu","Seogang-dong"
"BE_IW16-0671","Yonggung Garden","Seoul","Jongno-gu","Changsin3-dong"
"BE_IW16-0672","Yong-susan","Seoul","Seocho-gu","Banpo4-dong"
"BE_IW16-0673","Yongsusan(Samcheong)","Seoul","Jongno-gu","Samcheong-dong"
"BE_IW16-0674","Ugachon","Seoul","Seocho-gu","Yangjae2-dong"
"BE_IW16-0675","Uraeok Restaurant","Seoul","Jung-gu","Euljiro-dong"
"BE_IW16-0676","Uraeok Restaurant","Seoul","Gangnam-gu","Daechi2-dong"
"BE_IW16-0677","Uri Gangsan","Seoul","Songpa-gu","Bangi1-dong"
"BE_IW16-0678","Urimil Guksi","Seoul","Seongbuk-gu","Seongbuk-dong"
"BE_IW16-0679","Uri Restaurant","Seoul","Dongdaemun-gu","Yongsin-dong"
"BE_IW16-0680","Uri Restaurant","Seoul","Guro-gu","Gocheok2-dong"
"BE_IW16-0681","Uri Restaurant","Seoul","Jung-gu","Hoehyeon-dong"
"BE_IW16-0682","Uri Restaurant","Seoul","Jung-gu","Donghwa-dong"
"BE_IW16-0683","Uri Restaurant","Seoul","Yeongdeungpo-gu","Dangsan2-dong"
"BE_IW16-0684","Uri Restaurant","Seoul","Gangbuk-gu","Insu-dong"
"BE_IW16-0685","Uri Restaurant","Seoul","Mapo-gu","Seongsan1-dong"
"BE_IW16-0686","Woorijip","Seoul","Yongsan-gu","Hannam-dong"
"BE_IW16-0143","Namdo Maru","Seoul","Songpa-gu","Ogeum-dong"
"BE_IW16-0144","Namdo Sikdang","Seoul","Dongjak-gu","Daebang-dong"
"BE_IW16-0145","Namdo Sikdang","Seoul","Yangcheon-gu","Sinjeong4-dong"
"BE_IW16-0146","Nammaejip","Seoul","Seodaemun-gu","Cheonyeon-dong"
"BE_IW16-0147","Nammiok","Seoul","Seocho-gu","Seocho1-dong"
"BE_IW16-0148","Nambuktong-il","Seoul","Mapo-gu","Seogyo-dong"
"BE_IW16-0149","Namseong ","Seoul","Mapo-gu","Ahyeon-dong"
"BE_IW16-0150","Namwon","Seoul","Jongno-gu","Gahoe-dong"
"BE_IW16-0151","Namwongol loach soup","Seoul","Songpa-gu","Jangji-dong"
"BE_IW16-0152","Namwongol loach soup","Seoul","Gangbuk-gu","Suyu1-dong"
"BE_IW16-0153","Namwon Sikdang","Seoul","Guro-gu","Gaebong1-dong"
"BE_IW16-0154","Namwon Sikdang","Seoul","Songpa-gu","Jamsilbon-dong"
"BE_IW16-0155","Namwon Sikdang","Seoul","Yongsan-gu","Namyeong-dong"
"BE_IW16-0156","Namwonjip","Seoul","Seodaemun-gu","Hongje3-dong"
"BE_IW16-0157","Namwon Chueotang","Seoul","Gwangjin-gu","Guui2-dong"
"BE_IW16-0158","Namwon Chueotang","Seoul","Mapo-gu","Seongsan1-dong"
"BE_IW16-0159","Namwon Chueotang","Seoul","Mapo-gu","Sinsu-dong"
"BE_IW16-0160","Namwon Chueotang","Seoul","Gangseo-gu","Hwagok1-dong"
"BE_IW16-0161","Namwon Chueotang","Seoul","Seocho-gu","Yangjae2-dong"
"BE_IW16-0162","Namwon Chueotang","Seoul","Jung-gu","Sindang5-dong"
"BE_IW16-0163","Namwon Chueotang","Seoul","Jongno-gu","Jongno5.6ga-dong"
"BE_IW16-0164","Namwon Chueotang","Seoul","Dongdaemun-gu","Cheongnyangni-dong"
"BE_IW16-0165","Namwon Chueotang","Seoul","Yeongdeungpo-gu","Yeongdeungpo-dong"
"BE_IW16-0166","Nampo Cold Buckwheat Noodles","Seoul","Gangnam-gu","Nonhyeon2-dong"
"BE_IW16-0167","NamhanGang","Seoul","Songpa-gu","Songpa1-dong"
"BE_IW16-0168","Namhae Fresh Fish Restaurant","Seoul","Yangcheon-gu","Sinjeong2-dong"
"BE_IW16-0169","Norang Jeogori","Seoul","Seocho-gu","Seocho4-dong"
"BE_IW16-0170","Nongoljip","Seoul","Seocho-gu","Bangbae1-dong"
"BE_IW16-0171","Nongga","Seoul","Gangdong-gu","Cheonho2-dong"
"BE_IW16-0172","Nuri","Seoul","Jongno-gu","Jongno1.2.3.4ga-dong"
"BE_IW16-0173","New York Badatgajae","Seoul","Gangnam-gu","Cheongdam-dong"
"BE_IW16-0174","Neutinamujip","Seoul","Jung-gu","Jangchung-dong"
"BE_IW16-0175","Boiled Chicken with Rice and Neungi Mushrooms","Seoul","Gangbuk-gu","Ui-dong"
"BE_IW16-0176","Dami","Seoul","Yeongdeungpo-gu","Yeoui-dong"
"BE_IW16-0177","Dasom","Seoul","Yeongdeungpo-gu","Daerim3-dong"
"BE_IW16-0178","Dawon ","Seoul","Yongsan-gu","Hannam-dong"
"BE_IW16-0179","Dawon ","Seoul","Songpa-gu","Bangi1-dong"
"BE_IW16-0180","Dawon ","Seoul","Seocho-gu","Yangjae1-dong"
"BE_IW16-0181","Danme Green Bee","Seoul","Gangnam-gu","Segok-dong"
"BE_IW16-0182","Dal Siktak","Seoul","Gangnam-gu","Sinsa-dong"
"BE_IW16-0183","Dak Hanmari Restaurant","Seoul","Dongdaemun-gu","Jegi-dong"
"BE_IW16-0184","Dak Hanmari Restaurant","Seoul","Gangdong-gu","Seongnae1-dong"
"BE_IW16-0185","Dak Hanmari Restaurant","Seoul","Seodaemun-gu","Sinchon-dong"
"BE_IW16-0186","Dak Hanmari Restaurant","Seoul","Yeongdeungpo-gu","Yeongdeungpo-dong"
"BE_IW16-0187","Daegawllyeong","Seoul","Eunpyeong-gu","Bulgwang1-dong"
"BE_IW16-0188","Daegwang ","Seoul","Eunpyeong-gu","Eungam3-dong"
"BE_IW16-0189","Daenamujip Restaurant","Seoul","Dongjak-gu","Sadang2-dong"
"BE_IW16-0190","Daedo Supermarket","Seoul","Yongsan-gu","Cheongpa-dong"
"BE_IW16-0191","Daedo Supermarket","Seoul","Jungnang-gu","Sangbong1-dong"
"BE_IW16-0192","Daedo Supermarket","Seoul","Seongbuk-gu","Bomun-dong"
"BE_IW16-0193","Daedo Supermarket","Seoul","Nowon-gu","Junggye4-dong"
"BE_IW16-0194","Daerimjeong","Seoul","Jongno-gu","Cheongunhyoja-dong"
"BE_IW16-0195","Daemun","Seoul","Dobong-gu","Banghak3-dong"
"BE_IW16-0196","Daebakjip","Seoul","Mapo-gu","Ahyeon-dong"
"BE_IW16-0197","Daebakjip","Seoul","Gangseo-gu","Banghwa1-dong"
"BE_IW16-0198","Daebakjip","Seoul","Yangcheon-gu","Sinwol4-dong"
"BE_IW16-0199","Daebakjip","Seoul","Seocho-gu","Jamwon-dong"
"BE_IW16-0200","Daebok Fresh Fish Restaurant","Seoul","Yongsan-gu","Hangangno-dong"
"BE_IW16-0201","Daebokjip","Seoul","Jongno-gu","Sajik-dong"
"BE_IW16-0202","Daesung ","Seoul","Jongno-gu","Jongno1.2.3.4ga-dong"
"BE_IW16-0203","Daesung ","Seoul","Seongdong-gu","Yongdap-dong"
"BE_IW16-0204","Daesung Restaurant","Seoul","Seongbuk-gu","Wolgok2-dong"
"BE_IW16-0205","Daesung Restaurant","Seoul","Yongsan-gu","Hannam-dong"
"BE_IW16-0206","Daesung Restaurant","Seoul","Songpa-gu","Garak1-dong"
"BE_IW16-0207","Daewun Seolleongtang (Ox Bone Soup)","Seoul","Yeongdeungpo-gu","Singil6-dong"
"BE_IW16-0208","Daewon Charcoal Grilled Beef","Seoul","Gwangjin-gu","Junggok2-dong"
"BE_IW16-0209","Daejanggeum","Seoul","Jung-gu","Jangchung-dong"
"BE_IW16-0210","Daejanggeum","Seoul","Gangnam-gu","Samseong1-dong"
"BE_IW16-0211","Daejanggeum","Seoul","Eunpyeong-gu","Sinsa2-dong"
"BE_IW16-0212","Daejeong","Seoul","Seocho-gu","Naegok-dong"
"BE_IW16-0213","Daeju Babsang Restaurant","Seoul","Yangcheon-gu","Sinwol6-dong"
"BE_IW16-0214","Daecheongmaru","Seoul","Jung-gu","Pil-dong"
"BE_IW16-0215","Daecheongmaru","Seoul","Seocho-gu","Naegok-dong"
"BE_IW16-0216","Daecheongmaru","Seoul","Guro-gu","Guro2-dong"
"BE_IW16-0217","Daechon","Seoul","Seocho-gu","Bangbaebon-dong"
"BE_IW16-0218","Daechunamujip","Seoul","Guro-gu","Sugung-dong"
"BE_IW16-0219","Daechunamujip","Seoul","Gangbuk-gu","Ui-dong"
"BE_IW16-0220","Daehanminguk","Seoul","Gangnam-gu","Daechi2-dong"
"BE_IW16-0221","Town Hall","Seoul","Geumcheon-gu","Gasan-dong"
"BE_IW16-0222","Daeho ","Seoul","Jung-gu","Sogong-dong"
"BE_IW16-0223","Hanchon (Yeoksam Star Branch)","Seoul","Gangnam-gu","Yeoksam1-dong"
"BE_IW16-0224","Dojanggol Valley","Seoul","Seongdong-gu","Haengdang2-dong"
"BE_IW16-0225","Dokdo Raw Tuna","Seoul","Dongdaemun-gu","Jangan1-dong"
"BE_IW16-0226","Dongauga (pork & galbi restaurant)","Seoul","Seocho-gu","Seocho4-dong"
"BE_IW16-0227","Don Day","Seoul","Seodaemun-gu","Sinchon-dong"
"BE_IW16-0228","Don Day","Seoul","Yangcheon-gu","Sinjeong2-dong"
"BE_IW16-0229","Donburi","Seoul","Gangnam-gu","Yeoksam1-dong"
"BE_IW16-0230","Donsoobaek","Seoul","Mapo-gu","Seogyo-dong"
"BE_IW16-0231","Donuri","Seoul","Yangcheon-gu","Sinwol3-dong"
"BE_IW16-0232","Donijoeunsesang","Seoul","Yangcheon-gu","Mok4-dong"
"BE_IW16-0233","Donto","Seoul","Gangseo-gu","Deungchon1-dong"
"BE_IW16-0234","Doldamjip","Seoul","Seocho-gu","Seocho3-dong"
"BE_IW16-0235","Doldamjip","Seoul","Geumcheon-gu","Siheung4-dong"
"BE_IW16-0236","Donggyeong Sikdang","Seoul","Seongbuk-gu","Jeongneung3-dong"
"BE_IW16-0237","Donggung","Seoul","Gangbuk-gu","Beon1-dong"
"BE_IW16-0238","Dongbang ","Seoul","Gangseo-gu","Gonghang-dong"
"BE_IW16-0239","Dongchon","Seoul","Gwangjin-gu","Jayang1-dong"
"BE_IW16-0240","Dongchon","Seoul","Mapo-gu","Seogyo-dong"
"BE_IW16-0241","Donghae Byeolgwan","Seoul","Seodaemun-gu","Cheonyeon-dong"
"BE_IW16-0242","Donghae Byeolgwan","Seoul","Gangnam-gu","Nonhyeon1-dong"
"BE_IW16-0243","Donghae Fresh Fish Restaurant","Seoul","Guro-gu","Gaebong1-dong"
"BE_IW16-0244","Doeji Nongjang","Seoul","Seongdong-gu","Seongsu1ga2-dong"
"BE_IW16-0245","Doejichon","Seoul","Yangcheon-gu","Sinwol3-dong"
"BE_IW16-0246","Doejichon","Seoul","Jongno-gu","Gyonam-dong"
"BE_IW16-0247","Durebak","Seoul","Dongjak-gu","Heukseok-dong"
"BE_IW16-0248","Dumesangol","Seoul","Eunpyeong-gu","Eungam3-dong"
"BE_IW16-0249","Dumesangol","Seoul","Gangnam-gu","Irwon1-dong"
"BE_IW16-0250","Dubuchon","Seoul","Seocho-gu","Seocho3-dong"
"BE_IW16-0251","Dubuchon","Seoul","Gwangjin-gu","Jayang1-dong"
"BE_IW16-0252","Dubu Hanmadang (Tofu)","Seoul","Eunpyeong-gu","Jingwan-dong"
"BE_IW16-0253","Dungji","Seoul","Seongdong-gu","Guemho2.3ga-dong"
"BE_IW16-0254","Deulpul","Seoul","Jongno-gu","Hyehwa-dong"
"BE_IW16-0255","Deulpul","Seoul","Jongno-gu","Cheongunhyoja-dong"
"BE_IW16-0256","Deulpul","Seoul","Dongjak-gu","Sangdo1-dong"
"BE_IW16-0257","Deungnamujip","Seoul","Guro-gu","Guro3-dong"
"BE_IW16-0258","Deungnamujip","Seoul","Dongdaemun-gu","Cheongnyangni-dong"
"BE_IW16-0259","Deungnamujip","Seoul","Gangnam-gu","Apgujeong-dong"
"BE_IW16-0260","Deungchon Hand-Rolled Noodles","Seoul","Gwangjin-gu","Jayang1-dong"
"BE_IW16-0261","Tteurak","Seoul","Gangnam-gu","Cheongdam-dong"
"BE_IW16-0262","Tteurak","Seoul","Gwangjin-gu","Guui3-dong"
"BE_IW16-0263","Tteurak","Seoul","Gangnam-gu","Cheongdam-dong"
"BE_IW16-0264","Lamb Land","Seoul","Mapo-gu","Yonggang-dong"
"BE_IW16-0265","Madam Ming","Seoul","Gangnam-gu","Daechi4-dong"
"BE_IW16-0266","Madang","Seoul","Seodaemun-gu","Chunghyeon-dong"
"BE_IW16-0267","Masan Agujjim","Seoul","Jongno-gu","Jongno1.2.3.4ga-dong"
"BE_IW16-0268","Masan Agujjim","Seoul","Guro-gu","Gaebong1-dong"
"BE_IW16-0269","Masan Agujjim","Seoul","Songpa-gu","Seokchon-dong"
"BE_IW16-0270","Masan Agujjim","Seoul","Gangbuk-gu","Beon2-dong"
"BE_IW16-0271","Masan Agujjim","Seoul","Gangseo-gu","Yeomchang-dong"
"BE_IW16-0272","Masan Agujjim","Seoul","Seodaemun-gu","Bugahyeon-dong"
"BE_IW16-0273","Masanjip","Seoul","Gangnam-gu","Sinsa-dong"
"BE_IW16-0274","Masil","Seoul","Jongno-gu","Sungin2-dong"
"BE_IW16-0275","Majang Galbi Garden","Seoul","Seongdong-gu","Sageun-dong"
"BE_IW16-0276","Mapo Galbi","Seoul","Seongbuk-gu","Bomun-dong"
"BE_IW16-0277","Mapo Galbi","Seoul","Seongdong-gu","Haengdang2-dong"
"BE_IW16-0278","Mapo Galbi","Seoul","Dongjak-gu","Sadang1-dong"
"BE_IW16-0279","Mapo Galbi","Seoul","Guro-gu","Guro4-dong"
"BE_IW16-0280","Mapo Galbi","Seoul","Gangnam-gu","Nonhyeon1-dong"
"BE_IW16-0281","Mapo Galbi","Seoul","Yangcheon-gu","Sinwol7-dong"
"BE_IW16-0282","Mapo Galbi","Seoul","Gangbuk-gu","Samgaksan-dong"
"BE_IW16-0283","Mapo Galbi","Seoul","Gwanak-gu","Euncheon-dong"
"BE_IW16-0284","Mapo Naru","Seoul","Mapo-gu","Sinsu-dong"
"BE_IW16-0285","Mapo Sogeum-gui","Seoul","Gangnam-gu","Daechi2-dong"
"BE_IW16-0286","Mapo Sogeum-gui","Seoul","Mapo-gu","Hapjeong-dong"
"BE_IW16-0287","Mapo Sogeum-gui","Seoul","Jungnang-gu","Muk2-dong"
"BE_IW16-0288","Mapo Sutbulgalbi","Seoul","Songpa-gu","Pungnap2-dong"